group_type,group_value,rows,before_ambient_min,before_ambient_max,before_ambient_mean,before_ambient_median,before_ambient_sd,before_core_min,before_core_max,before_core_mean,before_core_median,before_core_sd,before_rise_min,before_rise_max,before_rise_mean,before_rise_median,before_rise_sd,before_rise_negative_count,before_rise_zero_count,before_rise_positive_count,after_ambient_min,after_ambient_max,after_ambient_mean,after_ambient_median,after_ambient_sd,after_core_min,after_core_max,after_core_mean,after_core_median,after_core_sd,after_rise_min,after_rise_max,after_rise_mean,after_rise_median,after_rise_sd,after_rise_negative_count,after_rise_zero_count,after_rise_positive_count,max_ambient_jump_c,max_core_jump_c,max_ambient_rate_c_per_s,max_core_rate_c_per_s,ambient_quantization_step_c,core_quantization_step_c,rate_screen_gt_1_c_per_s_count
finetune_all,finetune,900,26.5,29.25,27.84722222222222,27.75,0.5397111817292644,25.0,28.75,26.802777777777777,26.75,0.9694975680962565,-2.75,0.5,-1.0444444444444445,-1.0,0.6317932018135893,852,32,16,25.0,28.75,26.802777777777777,26.75,0.9694975680962565,26.5,29.25,27.84722222222222,27.75,0.5397111817292644,-0.5,2.75,1.0444444444444445,1.0,0.6317932018135893,16,32,852,,,,,,,
core,COMMERCIAL,450,26.5,28.25,27.407777777777778,27.5,0.28918046314077184,25.0,27.0,25.967777777777776,26.0,0.47347875679418033,-2.75,-0.25,-1.44,-1.5,0.5450322317352337,450,0,0,25.0,27.0,25.967777777777776,26.0,0.47347875679418033,26.5,28.25,27.407777777777778,27.5,0.28918046314077184,0.25,2.75,1.44,1.5,0.5450322317352337,0,0,450,,,,,,,
core,FE,450,27.25,29.25,28.286666666666665,28.25,0.3354350962350117,26.25,28.75,27.637777777777778,27.75,0.5101045304854455,-1.75,0.5,-0.6488888888888888,-0.75,0.43419906667063335,402,32,16,26.25,28.75,27.637777777777778,27.75,0.5101045304854455,27.25,29.25,28.286666666666665,28.25,0.3354350962350117,-0.5,1.75,0.6488888888888888,0.75,0.43419906667063335,16,32,402,,,,,,,
original_voltage,2.8,150,26.5,29.25,28.083333333333332,28.25,0.6270380640605167,25.75,28.75,27.34,27.25,0.8465682797914137,-2.0,0.25,-0.7433333333333333,-0.75,0.48461797957747493,138,10,2,25.75,28.75,27.34,27.25,0.8465682797914137,26.5,29.25,28.083333333333332,28.25,0.6270380640605167,-0.25,2.0,0.7433333333333333,0.75,0.48461797957747493,2,10,138,,,,,,,
original_voltage,3.2,75,27.0,27.75,27.34,27.25,0.23480872031322672,25.5,27.0,26.433333333333334,26.5,0.2827630721203795,-2.0,-0.25,-0.9066666666666666,-1.0,0.3894151308618402,75,0,0,25.5,27.0,26.433333333333334,26.5,0.2827630721203795,27.0,27.75,27.34,27.25,0.23480872031322672,0.25,2.0,0.9066666666666666,1.0,0.3894151308618402,0,0,75,,,,,,,
original_voltage,3.3,75,27.5,28.75,28.333333333333332,28.5,0.29158621799139023,27.5,28.5,27.956666666666667,28.0,0.24444273818678322,-1.25,0.5,-0.37666666666666665,-0.5,0.37074918065311346,59,6,10,27.5,28.5,27.956666666666667,28.0,0.24444273818678322,27.5,28.75,28.333333333333332,28.5,0.29158621799139023,-0.5,1.25,0.37666666666666665,0.5,0.37074918065311346,10,6,59,,,,,,,
original_voltage,3.9,150,26.5,28.75,27.843333333333334,27.875,0.6113761204253878,25.25,28.25,26.855,26.75,0.9506576670915772,-2.25,0.0,-0.9883333333333333,-0.75,0.4858196100532627,148,2,0,25.25,28.25,26.855,26.75,0.9506576670915772,26.5,28.75,27.843333333333334,27.875,0.6113761204253878,0.0,2.25,0.9883333333333333,0.75,0.4858196100532627,0,2,148,,,,,,,
original_voltage,4.5,75,27.75,28.75,28.346666666666668,28.5,0.2844308367615946,27.25,28.25,27.783333333333335,27.75,0.2511236011669613,-1.5,0.5,-0.5633333333333334,-0.5,0.4007875130672494,64,8,3,27.25,28.25,27.783333333333335,27.75,0.2511236011669613,27.75,28.75,28.346666666666668,28.5,0.2844308367615946,-0.5,1.5,0.5633333333333334,0.5,0.4007875130672494,3,8,64,,,,,,,
original_voltage,4.6,75,26.75,28.0,27.403333333333332,27.5,0.24277858522003423,25.0,26.25,25.746666666666666,25.75,0.2679165528280761,-2.5,-0.75,-1.6566666666666667,-1.75,0.3358463827299511,75,0,0,25.0,26.25,25.746666666666666,25.75,0.2679165528280761,26.75,28.0,27.403333333333332,27.5,0.24277858522003423,0.75,2.5,1.6566666666666667,1.75,0.3358463827299511,0,0,75,,,,,,,
original_voltage,5.1,150,26.75,28.5,27.755,27.75,0.3814820093922293,25.0,28.0,26.471666666666668,26.375,0.9211973654596249,-2.75,0.25,-1.2833333333333334,-1.25,0.699752273199505,143,6,1,25.0,28.0,26.471666666666668,26.375,0.9211973654596249,26.75,28.5,27.755,27.75,0.3814820093922293,-0.25,2.75,1.2833333333333334,1.25,0.699752273199505,1,6,143,,,,,,,
original_voltage,5.7,75,27.25,28.5,27.97,28.0,0.2532224745586805,26.25,27.25,26.856666666666666,27.0,0.23312410181456325,-1.75,-0.25,-1.1133333333333333,-1.25,0.3445848788596777,75,0,0,26.25,27.25,26.856666666666666,27.0,0.23312410181456325,27.25,28.5,27.97,28.0,0.2532224745586805,0.25,1.75,1.1133333333333333,1.25,0.3445848788596777,0,0,75,,,,,,,
original_voltage,6.3,75,27.0,28.0,27.41,27.5,0.255480469449761,25.0,25.75,25.523333333333333,25.5,0.22576197303458453,-2.5,-1.25,-1.8866666666666667,-1.75,0.3445848788596777,75,0,0,25.0,25.75,25.523333333333333,25.5,0.22576197303458453,27.0,28.0,27.41,27.5,0.255480469449761,1.25,2.5,1.8866666666666667,1.75,0.3445848788596777,0,0,75,,,,,,,
frequency,1000.0,60,26.75,29.0,27.845833333333335,27.75,0.5369635017949423,25.0,28.25,26.658333333333335,26.75,0.9978437204269416,-2.5,0.5,-1.1875,-1.25,0.7199120120436565,57,2,1,25.0,28.25,26.658333333333335,26.75,0.9978437204269416,26.75,29.0,27.845833333333335,27.75,0.5369635017949423,-0.5,2.5,1.1875,1.25,0.7199120120436565,1,2,57,,,,,,,
frequency,1250.0,60,26.5,28.75,27.7625,27.75,0.5973546912167378,25.0,28.75,26.733333333333334,26.5,0.9838383267119372,-2.5,0.5,-1.0291666666666666,-1.0,0.6279028632278384,57,1,2,25.0,28.75,26.733333333333334,26.5,0.9838383267119372,26.5,28.75,27.7625,27.75,0.5973546912167378,-0.5,2.5,1.0291666666666666,1.0,0.6279028632278384,2,1,57,,,,,,,
frequency,1500.0,60,26.75,28.75,27.825,27.75,0.5661721005645077,25.0,28.25,26.729166666666668,26.75,1.0118908155521869,-2.5,0.25,-1.0958333333333334,-1.0,0.6176974512193958,57,2,1,25.0,28.25,26.729166666666668,26.75,1.0118908155521869,26.75,28.75,27.825,27.75,0.5661721005645077,-0.25,2.5,1.0958333333333334,1.0,0.6176974512193958,1,2,57,,,,,,,
frequency,1750.0,60,27.0,28.75,27.8625,27.75,0.49665192599366853,25.0,28.25,26.716666666666665,26.75,0.9257002235901222,-2.5,0.25,-1.1458333333333333,-1.125,0.612876772159875,58,1,1,25.0,28.25,26.716666666666665,26.75,0.9257002235901222,27.0,28.75,27.8625,27.75,0.49665192599366853,-0.25,2.5,1.1458333333333333,1.125,0.612876772159875,1,1,58,,,,,,,
frequency,2000.0,60,27.0,28.75,27.791666666666668,27.75,0.5770443882308367,25.25,28.25,26.7875,26.75,1.0008735591251936,-2.5,0.0,-1.0041666666666667,-1.0,0.6369479441962421,56,4,0,25.25,28.25,26.7875,26.75,1.0008735591251936,27.0,28.75,27.791666666666668,27.75,0.5770443882308367,0.0,2.5,1.0041666666666667,1.0,0.6369479441962421,0,4,56,,,,,,,
frequency,2250.0,60,26.5,29.0,27.858333333333334,27.875,0.5847037977244944,25.25,28.5,26.75,26.75,0.9775011378900135,-2.25,0.0,-1.1083333333333334,-1.0,0.5549596615869486,59,1,0,25.25,28.5,26.75,26.75,0.9775011378900135,26.5,29.0,27.858333333333334,27.875,0.5847037977244944,0.0,2.25,1.1083333333333334,1.0,0.5549596615869486,0,1,59,,,,,,,
frequency,2500.0,60,26.5,28.75,27.791666666666668,27.75,0.5271579272153543,25.0,28.5,26.779166666666665,26.75,1.0074843510021008,-2.75,0.25,-1.0125,-1.0,0.6987049157706233,57,1,2,25.0,28.5,26.779166666666665,26.75,1.0074843510021008,26.5,28.75,27.791666666666668,27.75,0.5271579272153543,-0.25,2.75,1.0125,1.0,0.6987049157706233,2,1,57,,,,,,,
frequency,2750.0,60,26.75,29.0,27.858333333333334,27.75,0.5275596734394584,25.25,28.25,26.816666666666666,26.75,0.9543240871301719,-2.5,0.0,-1.0416666666666667,-1.0,0.6143872975676087,58,2,0,25.25,28.25,26.816666666666666,26.75,0.9543240871301719,26.75,29.0,27.858333333333334,27.75,0.5275596734394584,0.0,2.5,1.0416666666666667,1.0,0.6143872975676087,0,2,58,,,,,,,
frequency,3000.0,60,27.0,28.75,27.829166666666666,27.75,0.4860155945976326,25.0,28.25,26.820833333333333,26.75,0.9677989910129322,-2.5,0.25,-1.0083333333333333,-0.875,0.6637826034423985,57,2,1,25.0,28.25,26.820833333333333,26.75,0.9677989910129322,27.0,28.75,27.829166666666666,27.75,0.4860155945976326,-0.25,2.5,1.0083333333333333,0.875,0.6637826034423985,1,2,57,,,,,,,
frequency,3250.0,60,26.75,28.75,27.866666666666667,27.75,0.5217040743974862,25.25,28.25,26.8875,26.75,0.9692573165897237,-2.25,0.0,-0.9791666666666666,-0.875,0.5988896269854191,59,1,0,25.25,28.25,26.8875,26.75,0.9692573165897237,26.75,28.75,27.866666666666667,27.75,0.5217040743974862,0.0,2.25,0.9791666666666666,0.875,0.5988896269854191,0,1,59,,,,,,,
frequency,3500.0,60,27.0,28.75,27.858333333333334,27.75,0.5007762336195599,25.25,28.5,26.8375,26.75,0.976226955065578,-2.25,0.25,-1.0208333333333333,-0.875,0.6893433172516783,55,4,1,25.25,28.5,26.8375,26.75,0.976226955065578,27.0,28.75,27.858333333333334,27.75,0.5007762336195599,-0.25,2.25,1.0208333333333333,0.875,0.6893433172516783,1,4,55,,,,,,,
frequency,3750.0,60,27.0,29.0,27.854166666666668,27.75,0.5586220688615955,25.25,28.5,26.875,26.75,0.9909548553913688,-2.5,0.5,-0.9791666666666666,-1.0,0.6611040884907678,53,3,4,25.25,28.5,26.875,26.75,0.9909548553913688,27.0,29.0,27.854166666666668,27.75,0.5586220688615955,-0.5,2.5,0.9791666666666666,1.0,0.6611040884907678,4,3,53,,,,,,,
frequency,4000.0,60,27.0,29.0,27.920833333333334,27.75,0.5665306001479132,25.25,28.25,26.8875,26.75,0.8846920847084385,-2.0,0.0,-1.0333333333333334,-1.0,0.4613600625808792,59,1,0,25.25,28.25,26.8875,26.75,0.8846920847084385,27.0,29.0,27.920833333333334,27.75,0.5665306001479132,0.0,2.0,1.0333333333333334,1.0,0.4613600625808792,0,1,59,,,,,,,
frequency,4250.0,60,27.0,29.25,27.908333333333335,27.75,0.514548235839605,25.0,28.5,26.9,26.75,0.9242495810848893,-2.5,0.25,-1.0083333333333333,-1.0,0.6344066136260162,56,2,2,25.0,28.5,26.9,26.75,0.9242495810848893,27.0,29.25,27.908333333333335,27.75,0.514548235839605,-0.25,2.5,1.0083333333333333,1.0,0.6344066136260162,2,2,56,,,,,,,
frequency,4500.0,60,26.5,28.75,27.875,28.0,0.5590169943749475,25.25,28.5,26.8625,26.875,1.0337780389901425,-2.5,0.25,-1.0125,-0.875,0.6724370678134062,54,5,1,25.25,28.5,26.8625,26.875,1.0337780389901425,26.5,28.75,27.875,28.0,0.5590169943749475,-0.25,2.5,1.0125,0.875,0.6724370678134062,1,5,54,,,,,,,
session,session_20260802_061432,75,28.0,29.25,28.626666666666665,28.75,0.2512580956519225,27.5,28.75,28.14,28.25,0.27643972022652413,-1.5,0.25,-0.4866666666666667,-0.5,0.3719318934070233,63,10,2,27.5,28.75,28.14,28.25,0.27643972022652413,28.0,29.25,28.626666666666665,28.75,0.2512580956519225,-0.25,1.5,0.4866666666666667,0.5,0.3719318934070233,2,10,63,1.0,0.75,0.26164264363679623,0.20458231163402693,0.25,0.25,0
session,session_20260802_062319,75,27.5,28.75,28.333333333333332,28.5,0.29158621799139023,27.5,28.5,27.956666666666667,28.0,0.24444273818678322,-1.25,0.5,-0.37666666666666665,-0.5,0.37074918065311346,59,6,10,27.5,28.5,27.956666666666667,28.0,0.24444273818678322,27.5,28.75,28.333333333333332,28.5,0.29158621799139023,-0.5,1.25,0.37666666666666665,0.5,0.37074918065311346,10,6,59,0.75,1.0,0.19784710404720363,0.2627150110765749,0.25,0.25,0
session,session_20260802_063131,75,28.0,28.75,28.4,28.5,0.18834270087522098,27.0,28.25,27.763333333333332,27.75,0.2427785852200343,-1.5,0.0,-0.6366666666666667,-0.75,0.2766026193097401,73,2,0,27.0,28.25,27.763333333333332,27.75,0.2427785852200343,28.0,28.75,28.4,28.5,0.18834270087522098,0.0,1.5,0.6366666666666667,0.75,0.2766026193097401,0,2,73,1.0,0.5,0.20371538797440372,0.1324430671869022,0.25,0.25,0
session,session_20260802_063853,75,27.75,28.75,28.346666666666668,28.5,0.2844308367615946,27.25,28.25,27.783333333333335,27.75,0.2511236011669613,-1.5,0.5,-0.5633333333333334,-0.5,0.4007875130672494,64,8,3,27.25,28.25,27.783333333333335,27.75,0.2511236011669613,27.75,28.75,28.346666666666668,28.5,0.2844308367615946,-0.5,1.5,0.5633333333333334,0.5,0.4007875130672494,3,8,64,0.75,1.0,0.19784710404720363,0.26379613872960483,0.25,0.25,0
session,session_20260802_064604,75,27.5,28.5,28.043333333333333,28.0,0.23743182995098586,26.5,28.0,27.326666666666668,27.25,0.39200914679529,-1.75,0.25,-0.7166666666666667,-0.75,0.42381259669471494,68,6,1,26.5,28.0,27.326666666666668,27.25,0.39200914679529,27.5,28.5,28.043333333333333,28.0,0.23743182995098586,-0.25,1.75,0.7166666666666667,0.75,0.42381259669471494,1,6,68,1.0,0.75,0.2693380703602094,0.1978470542737118,0.25,0.25,0
session,session_20260802_065338,75,27.25,28.5,27.97,28.0,0.2532224745586805,26.25,27.25,26.856666666666666,27.0,0.23312410181456325,-1.75,-0.25,-1.1133333333333333,-1.25,0.3445848788596777,75,0,0,26.25,27.25,26.856666666666666,27.0,0.23312410181456325,27.25,28.5,27.97,28.0,0.2532224745586805,0.25,1.75,1.1133333333333333,1.25,0.3445848788596777,0,0,75,0.75,1.0,0.1970362583074312,0.263796155320774,0.25,0.25,0
session,session_20260802_071226,75,26.5,28.25,27.54,27.5,0.3607424775863457,25.75,27.0,26.54,26.5,0.26329512780210024,-2.0,-0.25,-1.0,-1.0,0.44834530611294854,75,0,0,25.75,27.0,26.54,26.5,0.26329512780210024,26.5,28.25,27.54,27.5,0.3607424775863457,0.25,2.0,1.0,1.0,0.44834530611294854,0,0,75,1.0,1.0,0.26271494525477496,0.26057904369452184,0.25,0.25,0
session,session_20260802_071955,75,27.0,27.75,27.34,27.25,0.23480872031322672,25.5,27.0,26.433333333333334,26.5,0.2827630721203795,-2.0,-0.25,-0.9066666666666666,-1.0,0.3894151308618402,75,0,0,25.5,27.0,26.433333333333334,26.5,0.2827630721203795,27.0,27.75,27.34,27.25,0.23480872031322672,0.25,2.0,0.9066666666666666,1.0,0.3894151308618402,0,0,75,1.25,0.75,0.20458231163402693,0.1978470667170824,0.25,0.25,0
session,session_20260802_072705,75,26.5,27.75,27.286666666666665,27.25,0.29834377655484795,25.25,26.5,25.946666666666665,26.0,0.2972092416687835,-2.25,-0.5,-1.34,-1.25,0.3847603676842776,75,0,0,25.25,26.5,25.946666666666665,26.0,0.2972092416687835,26.5,27.75,27.286666666666665,27.25,0.29834377655484795,0.5,2.25,1.34,1.25,0.3847603676842776,0,0,75,0.5,1.25,0.1335467549153361,0.3270533045459953,0.25,0.25,0
session,session_20260802_073421,75,26.75,28.0,27.403333333333332,27.5,0.24277858522003423,25.0,26.25,25.746666666666666,25.75,0.2679165528280761,-2.5,-0.75,-1.6566666666666667,-1.75,0.3358463827299511,75,0,0,25.0,26.25,25.746666666666666,25.75,0.2679165528280761,26.75,28.0,27.403333333333332,27.5,0.24277858522003423,0.75,2.5,1.6566666666666667,1.75,0.3358463827299511,0,0,75,1.0,0.75,0.26271494525477496,0.19784710404720363,0.25,0.25,0
session,session_20260802_074240,75,26.75,28.0,27.466666666666665,27.5,0.2610184488319372,25.0,26.25,25.616666666666667,25.75,0.27055165532333786,-2.75,-0.75,-1.85,-1.75,0.39421492285986004,75,0,0,25.0,26.25,25.616666666666667,25.75,0.27055165532333786,26.75,28.0,27.466666666666665,27.5,0.2610184488319372,0.75,2.75,1.85,1.75,0.39421492285986004,0,0,75,0.75,0.75,0.1954342827708914,0.19948899513156568,0.25,0.25,0
session,session_20260802_075027,75,27.0,28.0,27.41,27.5,0.255480469449761,25.0,25.75,25.523333333333333,25.5,0.22576197303458453,-2.5,-1.25,-1.8866666666666667,-1.75,0.3445848788596777,75,0,0,25.0,25.75,25.523333333333333,25.5,0.22576197303458453,27.0,28.0,27.41,27.5,0.255480469449761,1.25,2.5,1.8866666666666667,1.75,0.3445848788596777,0,0,75,0.75,1.0,0.19948894452852678,0.26379613872960483,0.25,0.25,0
demo_all,demo,150,27.5,28.75,28.18,28.25,0.2839675754247612,24.75,27.0,25.961666666666666,26.0,0.5919883645086672,-3.5,-0.75,-2.2183333333333333,-2.25,0.6261209187702486,150,0,0,24.75,27.0,25.961666666666666,26.0,0.5919883645086672,27.5,28.75,28.18,28.25,0.2839675754247612,0.75,3.5,2.2183333333333333,2.25,0.6261209187702486,0,0,150,,,,,,,
session,session_20260802_070352,75,27.5,28.75,28.2,28.25,0.2757054832851779,25.75,27.0,26.486666666666668,26.5,0.2595908075941584,-2.5,-0.75,-1.7133333333333334,-1.75,0.35992992310941524,75,0,0,25.75,27.0,26.486666666666668,26.5,0.2595908075941584,27.5,28.75,28.2,28.25,0.2757054832851779,0.75,2.5,1.7133333333333334,1.75,0.35992992310941524,0,0,75,0.75,1.0,0.1978470542737118,0.2627149287993301,0.25,0.25,0
session,session_20260802_075729,75,27.5,28.75,28.16,28.25,0.29247314499034016,24.75,26.0,25.436666666666667,25.5,0.2820452969817961,-3.5,-1.75,-2.723333333333333,-2.75,0.3779687293419396,75,0,0,24.75,26.0,25.436666666666667,25.5,0.2820452969817961,27.5,28.75,28.16,28.25,0.29247314499034016,1.75,3.5,2.723333333333333,2.75,0.3779687293419396,0,0,75,1.0,1.25,0.26379607236494906,0.3117823541658626,0.25,0.25,0
