relative_path,size_bytes,sha256,role
read_temp.ino,921,f1fa2c1e91dc3309fd512f832ab0f115944d24b31c33a2c49383351ac6f7615a,arduino_temperature_source
MEPI_DATA/finetune/session_20260803_014203/config.json,2905,2ec54eaf38035d001d98ed101f9f4bff3d7c98313e217ca8013085eb872b8b61,session_metadata
MEPI_DATA/finetune/session_20260803_014203/samples.csv,98668,708e766b057fbd1acc8c98ad2e78c83b3ea5350e1be3e85da7d96a6bb8b793c4,session_metadata
MEPI_DATA/finetune/session_20260803_014203/raw/session_20260803_014203_COMMERCIAL_F1000_V5p7_R01_20260803_014818_583508_scope1.csv,416490,f41bf1fdbf88dc6e513f23bfd2eda3d98dfee98be13731c6407872f0e438aecf,raw_waveform
MEPI_DATA/finetune/session_20260803_014203/raw/session_20260803_014203_COMMERCIAL_F1000_V5p7_R01_20260803_014818_583508_scope2.csv,270950,96539eff15aa4c28d4edc46924e10b8e4c5d9754a626dcf6983c9ee4b27fc082,raw_waveform
MEPI_DATA/finetune/session_20260803_014203/raw/session_20260803_014203_COMMERCIAL_F1000_V5p7_R02_20260803_014822_249514_scope1.csv,416569,31f5a37886a7ea3908f09715fd6e16e1fd0758427d888ad0ceeb5dc5a3c195cb,raw_waveform
MEPI_DATA/finetune/session_20260803_014203/raw/session_20260803_014203_COMMERCIAL_F1000_V5p7_R02_20260803_014822_249514_scope2.csv,270931,9fb6536bc96aa04b256159530160a41e6d5cd287bc1bd0dc6542937969551a57,raw_waveform
MEPI_DATA/finetune/session_20260803_014203/raw/session_20260803_014203_COMMERCIAL_F1000_V5p7_R03_20260803_014825_868721_scope1.csv,416331,ff79b29659b0a713b6e32e82e1018423bca8b7c71a1292472888ee4148e39e54,raw_waveform
MEPI_DATA/finetune/session_20260803_014203/raw/session_20260803_014203_COMMERCIAL_F1000_V5p7_R03_20260803_014825_868721_scope2.csv,270928,a0e58ff67dd025dce0eadbb08328cd17c7c48e961a1b24e302578f255cda23f4,raw_waveform
MEPI_DATA/finetune/session_20260803_014203/raw/session_20260803_014203_COMMERCIAL_F1000_V5p7_R04_20260803_014829_628327_scope1.csv,416476,acd3dea5dbc694862b1a0ad30d8d07c1d1b1892dd4fd2a2ab009e039db495334,raw_waveform
MEPI_DATA/finetune/session_20260803_014203/raw/session_20260803_014203_COMMERCIAL_F1000_V5p7_R04_20260803_014829_628327_scope2.csv,270906,7b7cb414901fe4c7b713e040675fe3f6249320e0c65823b201f40e9c362759de,raw_waveform
MEPI_DATA/finetune/session_20260803_014203/raw/session_20260803_014203_COMMERCIAL_F1000_V5p7_R05_20260803_014833_278734_scope1.csv,416357,788e0da385d04262503cbe64c26655462683fdc69b00d1a433417f40aad45b86,raw_waveform
MEPI_DATA/finetune/session_20260803_014203/raw/session_20260803_014203_COMMERCIAL_F1000_V5p7_R05_20260803_014833_278734_scope2.csv,270952,58fc1345a4ab81e0e41cfe3436b21d793928115fbf988569c54d0acb5ec1c1c4,raw_waveform
MEPI_DATA/finetune/session_20260803_014203/raw/session_20260803_014203_COMMERCIAL_F1250_V5p7_R01_20260803_014751_657861_scope1.csv,417827,0848b87d74e17f29f053177ed854534ac8172f2bf904c09dc915664cfe4af656,raw_waveform
MEPI_DATA/finetune/session_20260803_014203/raw/session_20260803_014203_COMMERCIAL_F1250_V5p7_R01_20260803_014751_657861_scope2.csv,270871,9ea7eadc1d642c8212be5b1a17e0681899a205f65948cfd4c4480403dc9cfac0,raw_waveform
MEPI_DATA/finetune/session_20260803_014203/raw/session_20260803_014203_COMMERCIAL_F1250_V5p7_R02_20260803_014755_308267_scope1.csv,417927,dfbc1ad1bee1d81f698662f6571a58a493acc6db88aa26058b0a2275f2479a97,raw_waveform
MEPI_DATA/finetune/session_20260803_014203/raw/session_20260803_014203_COMMERCIAL_F1250_V5p7_R02_20260803_014755_308267_scope2.csv,270922,15e329f827655ccd7b17f6facc66e32692a89cc3721f352965450320ffa3578b,raw_waveform
MEPI_DATA/finetune/session_20260803_014203/raw/session_20260803_014203_COMMERCIAL_F1250_V5p7_R03_20260803_014759_083474_scope1.csv,417866,4d32976dcb79e4782cb3e91b99fc6c7c985b9476565a1c1d09e20ffee4fb9ce0,raw_waveform
MEPI_DATA/finetune/session_20260803_014203/raw/session_20260803_014203_COMMERCIAL_F1250_V5p7_R03_20260803_014759_083474_scope2.csv,270893,71462b710fba6cbc6d6c9a9bd8097a9e98a81583403622da1e449cb8e2dc87a0,raw_waveform
MEPI_DATA/finetune/session_20260803_014203/raw/session_20260803_014203_COMMERCIAL_F1250_V5p7_R04_20260803_014802_733880_scope1.csv,417567,8a43061828a2a81d0d15b79c5267c25f0f08dbaa6ffecdaaeadc8df1a466c701,raw_waveform
MEPI_DATA/finetune/session_20260803_014203/raw/session_20260803_014203_COMMERCIAL_F1250_V5p7_R04_20260803_014802_733880_scope2.csv,270878,6ded10cb679bfec0a9844e0cb65dc317fda5317e17aca9738ee5dc6f733df443,raw_waveform
MEPI_DATA/finetune/session_20260803_014203/raw/session_20260803_014203_COMMERCIAL_F1250_V5p7_R05_20260803_014806_384286_scope1.csv,417890,91c4081e0e0013dda2f9b876e70675f39076cf1a2b41968cb0f5bd6afce9651d,raw_waveform
MEPI_DATA/finetune/session_20260803_014203/raw/session_20260803_014203_COMMERCIAL_F1250_V5p7_R05_20260803_014806_384286_scope2.csv,270886,24ec8840e3365b812d9e82a9ca8e9618a411630e6e15607ea91ac11af7deba23,raw_waveform
MEPI_DATA/finetune/session_20260803_014203/raw/session_20260803_014203_COMMERCIAL_F1500_V5p7_R01_20260803_014724_732213_scope1.csv,418087,5bd25ca73e0c8c782c71638f956a67eb73d3f45a765cfc3a719dc961665c6b86,raw_waveform
MEPI_DATA/finetune/session_20260803_014203/raw/session_20260803_014203_COMMERCIAL_F1500_V5p7_R01_20260803_014724_732213_scope2.csv,270845,11babf9424ab9322b5613cc4210a1a55dcf405b3bb954574a2e61a79fef16c9e,raw_waveform
MEPI_DATA/finetune/session_20260803_014203/raw/session_20260803_014203_COMMERCIAL_F1500_V5p7_R02_20260803_014728_351420_scope1.csv,417841,9499b8594433f2ad7ac1edf4be7ea970f3e899045b1714a2d05bc34567f1dec7,raw_waveform
MEPI_DATA/finetune/session_20260803_014203/raw/session_20260803_014203_COMMERCIAL_F1500_V5p7_R02_20260803_014728_351420_scope2.csv,270816,0467c7c816a954ab36b5f9042181c2292a0357d38a29f64238f31fe7ca4cc4f2,raw_waveform
MEPI_DATA/finetune/session_20260803_014203/raw/session_20260803_014203_COMMERCIAL_F1500_V5p7_R03_20260803_014732_001826_scope1.csv,417952,39fb09948491a842c4a2c8a13d694d48e6dbf213e7ced38028f96ca2a71eb4cf,raw_waveform
MEPI_DATA/finetune/session_20260803_014203/raw/session_20260803_014203_COMMERCIAL_F1500_V5p7_R03_20260803_014732_001826_scope2.csv,270837,b73536fa024bfba2b4a292a6612931b51c952fff3259fce2b85ecb691c899b2a,raw_waveform
MEPI_DATA/finetune/session_20260803_014203/raw/session_20260803_014203_COMMERCIAL_F1500_V5p7_R04_20260803_014735_621032_scope1.csv,417776,70afe8f7bf46836961eca295e033674fa8c3339794d14294458541ade3df5d46,raw_waveform
MEPI_DATA/finetune/session_20260803_014203/raw/session_20260803_014203_COMMERCIAL_F1500_V5p7_R04_20260803_014735_621032_scope2.csv,270830,0c58f6591756f3af7dfdc29d105b7ad77ce3d3353082bcbbf48a50f25982c046,raw_waveform
MEPI_DATA/finetune/session_20260803_014203/raw/session_20260803_014203_COMMERCIAL_F1500_V5p7_R05_20260803_014739_411839_scope1.csv,417912,b49cfd1b4008a7a8dfdbf37f122dbccfa6b7c96bbc87f69a1b0306648b75fc52,raw_waveform
MEPI_DATA/finetune/session_20260803_014203/raw/session_20260803_014203_COMMERCIAL_F1500_V5p7_R05_20260803_014739_411839_scope2.csv,270829,4ffa015c342cee76c3728b84ceee4bff74862cfc5317b2d6a5d4edbc341bd94c,raw_waveform
MEPI_DATA/finetune/session_20260803_014203/raw/session_20260803_014203_COMMERCIAL_F1750_V5p7_R01_20260803_014657_432165_scope1.csv,417764,55b4cc40e31124035a06e44dd008507c7beda880f24ad466142e92ea04ecf463,raw_waveform
MEPI_DATA/finetune/session_20260803_014203/raw/session_20260803_014203_COMMERCIAL_F1750_V5p7_R01_20260803_014657_432165_scope2.csv,270681,8981d4284fe1e2ee1001e5627d90125eef6170c58c291033857a91d649b733cd,raw_waveform
MEPI_DATA/finetune/session_20260803_014203/raw/session_20260803_014203_COMMERCIAL_F1750_V5p7_R02_20260803_014701_238572_scope1.csv,417830,5587ac37a090458eff98c06562fe1097f7fc8ae69ea7758c98f39881f9c3c2d3,raw_waveform
MEPI_DATA/finetune/session_20260803_014203/raw/session_20260803_014203_COMMERCIAL_F1750_V5p7_R02_20260803_014701_238572_scope2.csv,270671,1afa908c4f30f5021cfe92b06563fac687609b06da1bea31168a8533a8431e49,raw_waveform
MEPI_DATA/finetune/session_20260803_014203/raw/session_20260803_014203_COMMERCIAL_F1750_V5p7_R03_20260803_014705_076179_scope1.csv,417561,c68edc8dca256f9bb203ee72801c970cbd8ba304161b53a27ac1ad92d363f8a3,raw_waveform
MEPI_DATA/finetune/session_20260803_014203/raw/session_20260803_014203_COMMERCIAL_F1750_V5p7_R03_20260803_014705_076179_scope2.csv,270708,c13ba2c2f553ef800bae05fe5ca27f30373ecac7ce4f6b64dd8725ab35607b57,raw_waveform
MEPI_DATA/finetune/session_20260803_014203/raw/session_20260803_014203_COMMERCIAL_F1750_V5p7_R04_20260803_014708_866985_scope1.csv,417417,2dbcffd6ae0c337c535de8e86b5644db4a2ebe47c4ff786adb9a1f10c7c64575,raw_waveform
MEPI_DATA/finetune/session_20260803_014203/raw/session_20260803_014203_COMMERCIAL_F1750_V5p7_R04_20260803_014708_866985_scope2.csv,270714,f8a261b2294c40ab8f3a3abeedb004a773171785031aa55c9df777db685e5c4f,raw_waveform
MEPI_DATA/finetune/session_20260803_014203/raw/session_20260803_014203_COMMERCIAL_F1750_V5p7_R05_20260803_014712_564192_scope1.csv,417124,e371e0a9db3055c9b5cbaa6087f2d2c487cf6769060e16a37132f1e7d3736789,raw_waveform
MEPI_DATA/finetune/session_20260803_014203/raw/session_20260803_014203_COMMERCIAL_F1750_V5p7_R05_20260803_014712_564192_scope2.csv,270697,94d269c3ee34015fd4b2db027916e106ef5f047a1c7416952c34ad2ab0929014,raw_waveform
MEPI_DATA/finetune/session_20260803_014203/raw/session_20260803_014203_COMMERCIAL_F2000_V5p7_R01_20260803_014630_147717_scope1.csv,417522,902efc68ab656afa27fb11d2a68ab637a6c8595d80f850abd9625205492288bf,raw_waveform
MEPI_DATA/finetune/session_20260803_014203/raw/session_20260803_014203_COMMERCIAL_F2000_V5p7_R01_20260803_014630_147717_scope2.csv,270716,4f167665a3e2a74926ca8a44f39d53d8a172f137de7f0e941ee03f766a1c5a08,raw_waveform
MEPI_DATA/finetune/session_20260803_014203/raw/session_20260803_014203_COMMERCIAL_F2000_V5p7_R02_20260803_014633_798124_scope1.csv,417908,b4ddc81a1270b6939b088e427ecddc034188387a92364c24a8d6d6a4c37ada57,raw_waveform
MEPI_DATA/finetune/session_20260803_014203/raw/session_20260803_014203_COMMERCIAL_F2000_V5p7_R02_20260803_014633_798124_scope2.csv,270745,bb4f53be8689265db86402e671c707dd6ffe394ebf92b119c57024f1fd31f5dd,raw_waveform
MEPI_DATA/finetune/session_20260803_014203/raw/session_20260803_014203_COMMERCIAL_F2000_V5p7_R03_20260803_014637_557730_scope1.csv,417753,60768892a2974c7d5af5d2ac6a9e8aab8fc2b3759910828671268037c58fe7aa,raw_waveform
MEPI_DATA/finetune/session_20260803_014203/raw/session_20260803_014203_COMMERCIAL_F2000_V5p7_R03_20260803_014637_557730_scope2.csv,270726,cb07b25791b61004c4b640957ff835eb03f7eb76f9e0a195543b617bb0ab9730,raw_waveform
MEPI_DATA/finetune/session_20260803_014203/raw/session_20260803_014203_COMMERCIAL_F2000_V5p7_R04_20260803_014641_364137_scope1.csv,417526,71517e87e4a3957270ffb1eaaa8f5ca16910dceb1ea5316307e2fc1a75ef9e82,raw_waveform
MEPI_DATA/finetune/session_20260803_014203/raw/session_20260803_014203_COMMERCIAL_F2000_V5p7_R04_20260803_014641_364137_scope2.csv,270730,ab8d9720bf60703ed4cea4971bcf0fd442ff7a5f704a3562459191c822117806,raw_waveform
MEPI_DATA/finetune/session_20260803_014203/raw/session_20260803_014203_COMMERCIAL_F2000_V5p7_R05_20260803_014645_186144_scope1.csv,417871,ebf9c54b8e30996335d9c05928a4d4537a64a24dcdd5d66ea625e3e847cf4492,raw_waveform
MEPI_DATA/finetune/session_20260803_014203/raw/session_20260803_014203_COMMERCIAL_F2000_V5p7_R05_20260803_014645_186144_scope2.csv,270753,ad1da6ec86979606898fefd62a9aa31614fbb586ab06ce964b0a36f9e9c68607,raw_waveform
MEPI_DATA/finetune/session_20260803_014203/raw/session_20260803_014203_COMMERCIAL_F2250_V5p7_R01_20260803_014604_267272_scope1.csv,417831,93ed82eeb404b322d5ed98e2942128cc85dc08807fbe9eff0ecfcf6471153fb2,raw_waveform
MEPI_DATA/finetune/session_20260803_014203/raw/session_20260803_014203_COMMERCIAL_F2250_V5p7_R01_20260803_014604_267272_scope2.csv,270646,28dc7d27d2117865ab849900ed7b493a64064a91c7cd21f35999ee91a4630f59,raw_waveform
MEPI_DATA/finetune/session_20260803_014203/raw/session_20260803_014203_COMMERCIAL_F2250_V5p7_R02_20260803_014608_026879_scope1.csv,417783,7aeb825104c7fc82bcaa912a33bcb4164658918dfece2dd3281820c4b97cac6d,raw_waveform
MEPI_DATA/finetune/session_20260803_014203/raw/session_20260803_014203_COMMERCIAL_F2250_V5p7_R02_20260803_014608_026879_scope2.csv,270636,f918aff8dc69c63a6dfda9687bf7b7a2a225b6c6d4509daef51cbe98efedac84,raw_waveform
MEPI_DATA/finetune/session_20260803_014203/raw/session_20260803_014203_COMMERCIAL_F2250_V5p7_R03_20260803_014611_646085_scope1.csv,417951,0484e8fc807ad398a02bf8040adeacf78fdf6311eee4ed2cb74b9c0ece93f66f,raw_waveform
MEPI_DATA/finetune/session_20260803_014203/raw/session_20260803_014203_COMMERCIAL_F2250_V5p7_R03_20260803_014611_646085_scope2.csv,270614,4bd3c7d2a48c6543dc83222ef6c2becbb626f6bc8dbfa0ead8379c83688b6456,raw_waveform
MEPI_DATA/finetune/session_20260803_014203/raw/session_20260803_014203_COMMERCIAL_F2250_V5p7_R04_20260803_014615_343291_scope1.csv,417896,1402da29386862ddee4924aa2f85cce80f4a66134182f0bc40d308b57f39ea5d,raw_waveform
MEPI_DATA/finetune/session_20260803_014203/raw/session_20260803_014203_COMMERCIAL_F2250_V5p7_R04_20260803_014615_343291_scope2.csv,270659,91622fa42c21e95a398fe510e4230c32fe0f7fe281eab9a4a6b0c363b9e7649a,raw_waveform
MEPI_DATA/finetune/session_20260803_014203/raw/session_20260803_014203_COMMERCIAL_F2250_V5p7_R05_20260803_014619_071698_scope1.csv,418015,a0cb4fd10efe947ff18ff483ab11279bbaaba374cdfb6f8ee6312800088018bd,raw_waveform
MEPI_DATA/finetune/session_20260803_014203/raw/session_20260803_014203_COMMERCIAL_F2250_V5p7_R05_20260803_014619_071698_scope2.csv,270597,46867fd209a55edea03552e9a4cf3554b2afcfbc893b9a5b0a7cb7e28675b040,raw_waveform
MEPI_DATA/finetune/session_20260803_014203/raw/session_20260803_014203_COMMERCIAL_F2500_V5p7_R01_20260803_014538_527227_scope1.csv,417931,7927b1538c3f93b1e3c53340154fe2dbdb18c40d3a222f2cbfcd10f9c949642d,raw_waveform
MEPI_DATA/finetune/session_20260803_014203/raw/session_20260803_014203_COMMERCIAL_F2500_V5p7_R01_20260803_014538_527227_scope2.csv,270550,8d4ad608d9d1f0e129cf8e4d84100bebb47439f067e7b466bfdf26633a64aa9f,raw_waveform
MEPI_DATA/finetune/session_20260803_014203/raw/session_20260803_014203_COMMERCIAL_F2500_V5p7_R02_20260803_014542_162033_scope1.csv,418215,972695cd25af67ee0cb304f58cfcb7c4d4063dc424818f89be96b26d647d8c8a,raw_waveform
MEPI_DATA/finetune/session_20260803_014203/raw/session_20260803_014203_COMMERCIAL_F2500_V5p7_R02_20260803_014542_162033_scope2.csv,270569,073f4b4641806c66678d3a8771fd4c2199a4c97ddf3970448404ab8d0dc1a986,raw_waveform
MEPI_DATA/finetune/session_20260803_014203/raw/session_20260803_014203_COMMERCIAL_F2500_V5p7_R03_20260803_014545_937240_scope1.csv,417996,b914436f8cb260092f063e8b4c59692b1e98ca05583da39004a2e47640e4392c,raw_waveform
MEPI_DATA/finetune/session_20260803_014203/raw/session_20260803_014203_COMMERCIAL_F2500_V5p7_R03_20260803_014545_937240_scope2.csv,270549,4062ed5b6bb84213be48c28696ef20b652a4a50e31e5418e112beb77a9d3f56a,raw_waveform
MEPI_DATA/finetune/session_20260803_014203/raw/session_20260803_014203_COMMERCIAL_F2500_V5p7_R04_20260803_014549_587646_scope1.csv,418008,fed4abf2070f3b266832ce825e81ecff61324c1fd9906c695806c1012be5556c,raw_waveform
MEPI_DATA/finetune/session_20260803_014203/raw/session_20260803_014203_COMMERCIAL_F2500_V5p7_R04_20260803_014549_587646_scope2.csv,270563,4e779f345608ecef1811dc4160c4319c3ceea1157095306b88886fcef0743927,raw_waveform
MEPI_DATA/finetune/session_20260803_014203/raw/session_20260803_014203_COMMERCIAL_F2500_V5p7_R05_20260803_014553_206853_scope1.csv,418014,e2f32db714b1de88d70f69a6c2bdba4bb29205c320bcbfc9a0d7753ae1aeb5ce,raw_waveform
MEPI_DATA/finetune/session_20260803_014203/raw/session_20260803_014203_COMMERCIAL_F2500_V5p7_R05_20260803_014553_206853_scope2.csv,270547,090d5c0de901a9c5fdd6bf05b71dd98d8f7e27f4b20bc8bd690ba3384b1df4af,raw_waveform
MEPI_DATA/finetune/session_20260803_014203/raw/session_20260803_014203_COMMERCIAL_F2750_V5p7_R01_20260803_014512_646781_scope1.csv,417992,fb0efbb2bbee9bda25e738672dfa9d579465d9204194ecb2abeddb58a3e8ac3b,raw_waveform
MEPI_DATA/finetune/session_20260803_014203/raw/session_20260803_014203_COMMERCIAL_F2750_V5p7_R01_20260803_014512_646781_scope2.csv,270556,32eb6108baf64dc0d2c144b6fdcb578086f533a5f0ed2b0b78564e3b0fe6d20f,raw_waveform
MEPI_DATA/finetune/session_20260803_014203/raw/session_20260803_014203_COMMERCIAL_F2750_V5p7_R02_20260803_014516_265988_scope1.csv,418098,2378e2abbfd35d877caa364bc86530d18fce2dcb3168ff4800d285aaa25f21ae,raw_waveform
MEPI_DATA/finetune/session_20260803_014203/raw/session_20260803_014203_COMMERCIAL_F2750_V5p7_R02_20260803_014516_265988_scope2.csv,270573,89e77e122824139675b445cc230372fcc5855f4d228d4d55a7573e9033d004f8,raw_waveform
MEPI_DATA/finetune/session_20260803_014203/raw/session_20260803_014203_COMMERCIAL_F2750_V5p7_R03_20260803_014520_025594_scope1.csv,418041,b0836dc8c3136a759f246183debadddbfb96be0a8095d84f43aab3170878310e,raw_waveform
MEPI_DATA/finetune/session_20260803_014203/raw/session_20260803_014203_COMMERCIAL_F2750_V5p7_R03_20260803_014520_025594_scope2.csv,270518,e6359586b916ce047c89dc54d2a693764ba9df1a54fac98c17ea855198289bcd,raw_waveform
MEPI_DATA/finetune/session_20260803_014203/raw/session_20260803_014203_COMMERCIAL_F2750_V5p7_R04_20260803_014523_832001_scope1.csv,417890,a05998bd861126aa5ffbd37b5772617f8ce3f2a235a9b1707e1bf428bf05cebc,raw_waveform
MEPI_DATA/finetune/session_20260803_014203/raw/session_20260803_014203_COMMERCIAL_F2750_V5p7_R04_20260803_014523_832001_scope2.csv,270544,17d7f0e8ed8b1df249e69b365cb46b9d64f7867f910ed6ce3e001fd14172152a,raw_waveform
MEPI_DATA/finetune/session_20260803_014203/raw/session_20260803_014203_COMMERCIAL_F2750_V5p7_R05_20260803_014527_466807_scope1.csv,418054,9cccd82fc7b8fcd6a43860f30b31aed60008d57f5b56442e039dda9715594b22,raw_waveform
MEPI_DATA/finetune/session_20260803_014203/raw/session_20260803_014203_COMMERCIAL_F2750_V5p7_R05_20260803_014527_466807_scope2.csv,270495,ae270590d8333031ef6b9d74d1ec35ad6f9ae776161865c1813dd6e426c31424,raw_waveform
MEPI_DATA/finetune/session_20260803_014203/raw/session_20260803_014203_COMMERCIAL_F3000_V5p7_R01_20260803_014446_516735_scope1.csv,418331,e81404b1bf54012efacd20f006d8d493058dfeade348aa56a680666a9ada5aae,raw_waveform
MEPI_DATA/finetune/session_20260803_014203/raw/session_20260803_014203_COMMERCIAL_F3000_V5p7_R01_20260803_014446_516735_scope2.csv,270588,59d54ea57235a076ae853ac084f0c0a95bbfeb0cd79c63ad47b1b2392b6fc425,raw_waveform
MEPI_DATA/finetune/session_20260803_014203/raw/session_20260803_014203_COMMERCIAL_F3000_V5p7_R02_20260803_014450_151542_scope1.csv,418235,df715ef008356b48a7c1bb017c767d8427f0b8f4327abda7a97cbd207ddb1691,raw_waveform
MEPI_DATA/finetune/session_20260803_014203/raw/session_20260803_014203_COMMERCIAL_F3000_V5p7_R02_20260803_014450_151542_scope2.csv,270534,4188851c126809ed15dd08f2b584a6848867155a43262a123f487c6923758ba4,raw_waveform
MEPI_DATA/finetune/session_20260803_014203/raw/session_20260803_014203_COMMERCIAL_F3000_V5p7_R03_20260803_014453_926748_scope1.csv,418283,95bc6ec3f1a3bb16a2b9db0d7d889448b521816d145b1b8a68b46e98881623c9,raw_waveform
MEPI_DATA/finetune/session_20260803_014203/raw/session_20260803_014203_COMMERCIAL_F3000_V5p7_R03_20260803_014453_926748_scope2.csv,270539,c6b68199a88526335e39bd64161642f82f0cd87ce5ce62d51097c4747131acb9,raw_waveform
MEPI_DATA/finetune/session_20260803_014203/raw/session_20260803_014203_COMMERCIAL_F3000_V5p7_R04_20260803_014457_733155_scope1.csv,418160,8bff0f46d283427c76fb7c3f66f79f3372c26963d6b43e4010643de12ed93870,raw_waveform
MEPI_DATA/finetune/session_20260803_014203/raw/session_20260803_014203_COMMERCIAL_F3000_V5p7_R04_20260803_014457_733155_scope2.csv,270509,d07a55b4e08833f81d4dce8e6cbf44a4491e5f18e00e1be3294a0eeae3a5b173,raw_waveform
MEPI_DATA/finetune/session_20260803_014203/raw/session_20260803_014203_COMMERCIAL_F3000_V5p7_R05_20260803_014501_555162_scope1.csv,418196,56e79ec75d1e968829251c71736993b13f0506958ce4be5a3d53eaca6f20474c,raw_waveform
MEPI_DATA/finetune/session_20260803_014203/raw/session_20260803_014203_COMMERCIAL_F3000_V5p7_R05_20260803_014501_555162_scope2.csv,270568,f66595876362a1f713905d083fed21fd85b2b68653be17f958b7262a579d92f4,raw_waveform
MEPI_DATA/finetune/session_20260803_014203/raw/session_20260803_014203_COMMERCIAL_F3250_V5p7_R01_20260803_014420_620690_scope1.csv,418631,98189bd105396baf78711d4a7b4b923c2a615cae2b18c9cf095d0baa6f96ecad,raw_waveform
MEPI_DATA/finetune/session_20260803_014203/raw/session_20260803_014203_COMMERCIAL_F3250_V5p7_R01_20260803_014420_620690_scope2.csv,270488,90acc0ee7a9577cf42805ee761b8872eb038f357969504d800ca00b7da525541,raw_waveform
MEPI_DATA/finetune/session_20260803_014203/raw/session_20260803_014203_COMMERCIAL_F3250_V5p7_R02_20260803_014424_286696_scope1.csv,418215,2efdaa5b5e6e9db906a33459590d96423f90c25f52f5eba49ce79dc5327a78af,raw_waveform
MEPI_DATA/finetune/session_20260803_014203/raw/session_20260803_014203_COMMERCIAL_F3250_V5p7_R02_20260803_014424_286696_scope2.csv,270500,b361a5911c907071746030d29c9ebd1cc14803556eefef2f408d2fe22d69f499,raw_waveform
MEPI_DATA/finetune/session_20260803_014203/raw/session_20260803_014203_COMMERCIAL_F3250_V5p7_R03_20260803_014427_999503_scope1.csv,418129,0e2fc7c0d6842ef3c3785e0de7965c2e85c9485db0422dac32d28ee75c32138b,raw_waveform
MEPI_DATA/finetune/session_20260803_014203/raw/session_20260803_014203_COMMERCIAL_F3250_V5p7_R03_20260803_014427_999503_scope2.csv,270471,813512173e99d7cbf1349d9f4f54200e17e2e91aebf8578a0227ce5cd920ade5,raw_waveform
MEPI_DATA/finetune/session_20260803_014203/raw/session_20260803_014203_COMMERCIAL_F3250_V5p7_R04_20260803_014431_696709_scope1.csv,418195,a277b6526c6a23e2442c3b329a39ef981df2087feddf327c45cca7ce1c61fe45,raw_waveform
MEPI_DATA/finetune/session_20260803_014203/raw/session_20260803_014203_COMMERCIAL_F3250_V5p7_R04_20260803_014431_696709_scope2.csv,270473,a57ee4624593ccddecc13d5822ca5a444573e2073c686fa2cd519d1f6a50fa2f,raw_waveform
MEPI_DATA/finetune/session_20260803_014203/raw/session_20260803_014203_COMMERCIAL_F3250_V5p7_R05_20260803_014435_440716_scope1.csv,418246,069caa951d099fb1146357dcc92df25ad1f6d2ca7c708ede12ffe4628d5a91a9,raw_waveform
MEPI_DATA/finetune/session_20260803_014203/raw/session_20260803_014203_COMMERCIAL_F3250_V5p7_R05_20260803_014435_440716_scope2.csv,270490,5825ed155fef09246796a1727fb169590d4e7964df43fd5a6cc219db5f24a29e,raw_waveform
MEPI_DATA/finetune/session_20260803_014203/raw/session_20260803_014203_COMMERCIAL_F3500_V5p7_R01_20260803_014354_880645_scope1.csv,417895,c43b27160836c88f14276ab7b8480033c9873c2f24bb14bd386208ec4869b65b,raw_waveform
MEPI_DATA/finetune/session_20260803_014203/raw/session_20260803_014203_COMMERCIAL_F3500_V5p7_R01_20260803_014354_880645_scope2.csv,270490,c28c84c97c1b59a141b10d27d20b3c74682c60d408dbb39b7eca627269431cde,raw_waveform
MEPI_DATA/finetune/session_20260803_014203/raw/session_20260803_014203_COMMERCIAL_F3500_V5p7_R02_20260803_014358_499851_scope1.csv,418128,0fe27171377374983fef73c4c96a6cb8486375d0f07ced79424f922e0ed08219,raw_waveform
MEPI_DATA/finetune/session_20260803_014203/raw/session_20260803_014203_COMMERCIAL_F3500_V5p7_R02_20260803_014358_499851_scope2.csv,270501,0e220c7b8a530ac1b651885d975199885a7068c55cfa6403a803ea0853dc3c64,raw_waveform
MEPI_DATA/finetune/session_20260803_014203/raw/session_20260803_014203_COMMERCIAL_F3500_V5p7_R03_20260803_014402_134657_scope1.csv,418414,393330d10623bde7394c0fa5522b3f958ea887cd216145716d0b6e1e9bf9e2ca,raw_waveform
MEPI_DATA/finetune/session_20260803_014203/raw/session_20260803_014203_COMMERCIAL_F3500_V5p7_R03_20260803_014402_134657_scope2.csv,270501,76375ccfdf61b20452454a3c5c5e9ff14bde7cc45456d757dcd75e95747a7ad6,raw_waveform
MEPI_DATA/finetune/session_20260803_014203/raw/session_20260803_014203_COMMERCIAL_F3500_V5p7_R04_20260803_014405_753864_scope1.csv,418151,422fe35911bfac765e366299bb171829c11af940667e2c1816a9afac94bc683d,raw_waveform
MEPI_DATA/finetune/session_20260803_014203/raw/session_20260803_014203_COMMERCIAL_F3500_V5p7_R04_20260803_014405_753864_scope2.csv,270479,343bc6744fcdcf8dce3a240a8a758464ea303c5ae67db38123dde5a8adbd874d,raw_waveform
MEPI_DATA/finetune/session_20260803_014203/raw/session_20260803_014203_COMMERCIAL_F3500_V5p7_R05_20260803_014409_529070_scope1.csv,418341,c4c2a83755f886dd9e299add073a582829fc671f09f0bbfe75a2c8675387c000,raw_waveform
MEPI_DATA/finetune/session_20260803_014203/raw/session_20260803_014203_COMMERCIAL_F3500_V5p7_R05_20260803_014409_529070_scope2.csv,270445,fdebee9835a388c06300b89fd97758ddadf3ff862173e0658d0f53ce00089350,raw_waveform
MEPI_DATA/finetune/session_20260803_014203/raw/session_20260803_014203_COMMERCIAL_F3750_V5p7_R01_20260803_014329_171800_scope1.csv,417896,8eccd314315e9620302b779c77eb1f36fb0c97645ec1b59512aba657aa04d671,raw_waveform
MEPI_DATA/finetune/session_20260803_014203/raw/session_20260803_014203_COMMERCIAL_F3750_V5p7_R01_20260803_014329_171800_scope2.csv,270462,ebd5543f4784929465b30ee9442965a16673bfebc0cefa113312cfb6e196677e,raw_waveform
MEPI_DATA/finetune/session_20260803_014203/raw/session_20260803_014203_COMMERCIAL_F3750_V5p7_R02_20260803_014332_837806_scope1.csv,417965,27e906f652552907c1f31863c5dc823b8976d38b2f0404e4c1834f897336f279,raw_waveform
MEPI_DATA/finetune/session_20260803_014203/raw/session_20260803_014203_COMMERCIAL_F3750_V5p7_R02_20260803_014332_837806_scope2.csv,270485,207ba316155fec1c0666545cc06776e4ceb5fd83d9f74bf5bdb11e683af3fd8f,raw_waveform
MEPI_DATA/finetune/session_20260803_014203/raw/session_20260803_014203_COMMERCIAL_F3750_V5p7_R03_20260803_014336_457012_scope1.csv,418184,29a88b373557cdfee96d72ecbd06b224fb7537ad0cfef017b18a9d19a5b06805,raw_waveform
MEPI_DATA/finetune/session_20260803_014203/raw/session_20260803_014203_COMMERCIAL_F3750_V5p7_R03_20260803_014336_457012_scope2.csv,270526,c2233d313ea750363488eee3f93dcbd0920648af6c2414c2a156b0b721b525a4,raw_waveform
MEPI_DATA/finetune/session_20260803_014203/raw/session_20260803_014203_COMMERCIAL_F3750_V5p7_R04_20260803_014340_076219_scope1.csv,418230,3152a085192161aded06c133264f0a460afbb242a2164555b8e851e456c63283,raw_waveform
MEPI_DATA/finetune/session_20260803_014203/raw/session_20260803_014203_COMMERCIAL_F3750_V5p7_R04_20260803_014340_076219_scope2.csv,270504,ca48a887928dd310d20089d5c3ceef75f2adfd054fb9bca2e9e8959490bec3db,raw_waveform
MEPI_DATA/finetune/session_20260803_014203/raw/session_20260803_014203_COMMERCIAL_F3750_V5p7_R05_20260803_014343_820225_scope1.csv,418161,8df3322ec725acf03af2df9b8d7284d90727ac31c2b2b66be048b58d1d1728df,raw_waveform
MEPI_DATA/finetune/session_20260803_014203/raw/session_20260803_014203_COMMERCIAL_F3750_V5p7_R05_20260803_014343_820225_scope2.csv,270495,a537002554895bee5c44b2ca4c041a21d5f9d38db9ad8397447ca9e9e7b077da,raw_waveform
MEPI_DATA/finetune/session_20260803_014203/raw/session_20260803_014203_COMMERCIAL_F4000_V5p7_R01_20260803_014303_057354_scope1.csv,417921,1296926e69545ccc1a5ad9ac2da7a0e5d286dcae49d642466e0d53af1bdb6eed,raw_waveform
MEPI_DATA/finetune/session_20260803_014203/raw/session_20260803_014203_COMMERCIAL_F4000_V5p7_R01_20260803_014303_057354_scope2.csv,270528,f455148ee16f9ca614ce9e8457867fc50ba99cafdc44f1ffff008b166e4a5611,raw_waveform
MEPI_DATA/finetune/session_20260803_014203/raw/session_20260803_014203_COMMERCIAL_F4000_V5p7_R02_20260803_014306_879360_scope1.csv,417752,8f527b34e32042beefff6c2948241c8a3b52db2bfff25ab34245148329eac7c5,raw_waveform
MEPI_DATA/finetune/session_20260803_014203/raw/session_20260803_014203_COMMERCIAL_F4000_V5p7_R02_20260803_014306_879360_scope2.csv,270480,e928e3b57e405fb0b256213682c10bb03131295c2380de3b14a6d0aea4066876,raw_waveform
MEPI_DATA/finetune/session_20260803_014203/raw/session_20260803_014203_COMMERCIAL_F4000_V5p7_R03_20260803_014310_685767_scope1.csv,417915,f61029db611e770dc7fe85de4bcdb45e63039ab260c5f84bf1d6c91b3cd31f05,raw_waveform
MEPI_DATA/finetune/session_20260803_014203/raw/session_20260803_014203_COMMERCIAL_F4000_V5p7_R03_20260803_014310_685767_scope2.csv,270511,f8b1117e9c29acd71d83b9f2d46fac44b7614e0e2dd9213127e0ee00bb3f4ed9,raw_waveform
MEPI_DATA/finetune/session_20260803_014203/raw/session_20260803_014203_COMMERCIAL_F4000_V5p7_R04_20260803_014314_336173_scope1.csv,418160,edcfe287b9c7418bc5eff74413345846e36b4d22a70491b5c7bc75e5bd138557,raw_waveform
MEPI_DATA/finetune/session_20260803_014203/raw/session_20260803_014203_COMMERCIAL_F4000_V5p7_R04_20260803_014314_336173_scope2.csv,270519,654852722a8013dc63677d0cd6c0a79121f49b11c8b4f630ccbf010fd9027572,raw_waveform
MEPI_DATA/finetune/session_20260803_014203/raw/session_20260803_014203_COMMERCIAL_F4000_V5p7_R05_20260803_014317_970980_scope1.csv,417780,f24f0d2ffe30026e676b0556d3dbb3d40b6deeee9fb56853985c26f91c8a6075,raw_waveform
MEPI_DATA/finetune/session_20260803_014203/raw/session_20260803_014203_COMMERCIAL_F4000_V5p7_R05_20260803_014317_970980_scope2.csv,270513,f25d8788484d1cc7bab2291bc3796ef5face9d835757aaae21137038f820de30,raw_waveform
MEPI_DATA/finetune/session_20260803_014203/raw/session_20260803_014203_COMMERCIAL_F4250_V5p7_R01_20260803_014237_145708_scope1.csv,417758,c8d3b8fb5de93f135c167b4974c32425333656be424b04e01b45e5a463ffdb1b,raw_waveform
MEPI_DATA/finetune/session_20260803_014203/raw/session_20260803_014203_COMMERCIAL_F4250_V5p7_R01_20260803_014237_145708_scope2.csv,270470,2202ffa35a0e432144e52f25922eb8172bb9c9892ecead02e8d466b380538c4e,raw_waveform
MEPI_DATA/finetune/session_20260803_014203/raw/session_20260803_014203_COMMERCIAL_F4250_V5p7_R02_20260803_014240_811715_scope1.csv,417787,ee998402a6cab0ffa6eebf3e18b23d46abd523df49fe40912bb47352739bab26,raw_waveform
MEPI_DATA/finetune/session_20260803_014203/raw/session_20260803_014203_COMMERCIAL_F4250_V5p7_R02_20260803_014240_811715_scope2.csv,270450,4dda7be705b410954945570f0e0ff89ad0d5893a34c7851ce61dcf5922ba5add,raw_waveform
MEPI_DATA/finetune/session_20260803_014203/raw/session_20260803_014203_COMMERCIAL_F4250_V5p7_R03_20260803_014244_462121_scope1.csv,418159,bba808464fafe6687fddcb054d31c116cc17cab7f2937716ab51fe0620779727,raw_waveform
MEPI_DATA/finetune/session_20260803_014203/raw/session_20260803_014203_COMMERCIAL_F4250_V5p7_R03_20260803_014244_462121_scope2.csv,270429,919a5f710c86d46391b4fbf3e700ae2f988b000e5d3e4d49f74692d00f658070,raw_waveform
MEPI_DATA/finetune/session_20260803_014203/raw/session_20260803_014203_COMMERCIAL_F4250_V5p7_R04_20260803_014248_206128_scope1.csv,417756,67863b740d03f93f6fb4bb934b3f8c479fd5a56347a1a7347fca92dc23235a03,raw_waveform
MEPI_DATA/finetune/session_20260803_014203/raw/session_20260803_014203_COMMERCIAL_F4250_V5p7_R04_20260803_014248_206128_scope2.csv,270466,c64b232aa16560873c045589a045154603c5e0ee0c2b3f84579f9c0243a102d6,raw_waveform
MEPI_DATA/finetune/session_20260803_014203/raw/session_20260803_014203_COMMERCIAL_F4250_V5p7_R05_20260803_014251_903334_scope1.csv,418124,02c8d93e5a0a191df11b070e3d1ff1b2665d704163c5562d215829cc938400d4,raw_waveform
MEPI_DATA/finetune/session_20260803_014203/raw/session_20260803_014203_COMMERCIAL_F4250_V5p7_R05_20260803_014251_903334_scope2.csv,270484,4103d3a77e2a974544ce2a7b2838ba24afae20adf2a7d929cf998c169adf19d3,raw_waveform
MEPI_DATA/finetune/session_20260803_014203/raw/session_20260803_014203_COMMERCIAL_F4500_V5p7_R01_20260803_014211_249663_scope1.csv,417972,b8d857fd89a27d765273c11ee7a5ab5b1e53781a04b72717172f5e2d83b1a685,raw_waveform
MEPI_DATA/finetune/session_20260803_014203/raw/session_20260803_014203_COMMERCIAL_F4500_V5p7_R01_20260803_014211_249663_scope2.csv,270387,50ee631aa6f7f45dfd282c59c96b040530c8844e3ffd5120b9c28e4817b2b5bf,raw_waveform
MEPI_DATA/finetune/session_20260803_014203/raw/session_20260803_014203_COMMERCIAL_F4500_V5p7_R02_20260803_014214_915669_scope1.csv,417539,9ab8965292cdabdde47e6cd69f1abbb64c06b0e30053860c1c9c37d0dadeee62,raw_waveform
MEPI_DATA/finetune/session_20260803_014203/raw/session_20260803_014203_COMMERCIAL_F4500_V5p7_R02_20260803_014214_915669_scope2.csv,270416,385ce18a155442495c8e911d8754f48169c42f67f174a2693da950686f551110,raw_waveform
MEPI_DATA/finetune/session_20260803_014203/raw/session_20260803_014203_COMMERCIAL_F4500_V5p7_R03_20260803_014218_534875_scope1.csv,417939,0791950fab2cdb9e0d3ee2a4407560bec51e4daa13529378585fae3d5e9281f6,raw_waveform
MEPI_DATA/finetune/session_20260803_014203/raw/session_20260803_014203_COMMERCIAL_F4500_V5p7_R03_20260803_014218_534875_scope2.csv,270453,b352cbbf0223876678362043a7870f059586b49b929d17c9b4e8409ea84458f3,raw_waveform
MEPI_DATA/finetune/session_20260803_014203/raw/session_20260803_014203_COMMERCIAL_F4500_V5p7_R04_20260803_014222_278882_scope1.csv,418016,0fa4796708d1123f50c57de55764c1dddf22ec18477766c343aaf1ef77b57c0b,raw_waveform
MEPI_DATA/finetune/session_20260803_014203/raw/session_20260803_014203_COMMERCIAL_F4500_V5p7_R04_20260803_014222_278882_scope2.csv,270367,bd3e237ec3a1773b3e79f14b15112143b2f02330c74b43b6a6830ca1b616fcd0,raw_waveform
MEPI_DATA/finetune/session_20260803_014203/raw/session_20260803_014203_COMMERCIAL_F4500_V5p7_R05_20260803_014225_960489_scope1.csv,417746,4ebe137c3a28a4783b1352f97aa2e2ff2276f8c5ea96df924b5f6bf5b333e8c0,raw_waveform
MEPI_DATA/finetune/session_20260803_014203/raw/session_20260803_014203_COMMERCIAL_F4500_V5p7_R05_20260803_014225_960489_scope2.csv,270415,f19e89cfcb40d8e1bc9b0b197d7613a989f5eb4e062e3701c82a1d1b7b55bad8,raw_waveform
