session_id,core_id,original_group_v,median_vin_reference_v,median_vin_rms_v,canonical_nominal_v,mapping_basis,confirmed_by_experimenter,condition_role
session_20260802_071226,COMMERCIAL,2.8,2.82,2.93951340228487,2.8,EXPERIMENTER_CONFIRMED_INTENDED_SIX_LEVEL_GRID,1,primary_paired
session_20260802_071955,COMMERCIAL,3.2,3.23,3.36071881767609,3.3,EXPERIMENTER_CONFIRMED_INTENDED_SIX_LEVEL_GRID,1,primary_paired
session_20260802_072705,COMMERCIAL,3.9,3.88,4.04134976257941,3.9,EXPERIMENTER_CONFIRMED_INTENDED_SIX_LEVEL_GRID,1,primary_paired
session_20260802_073421,COMMERCIAL,4.6,4.58,4.75420843534374,4.5,EXPERIMENTER_CONFIRMED_INTENDED_SIX_LEVEL_GRID,1,primary_paired
session_20260802_074240,COMMERCIAL,5.1,5.08,5.33007244196717,5.0,EXPERIMENTER_CONFIRMED_INTENDED_SIX_LEVEL_GRID,1,primary_paired
session_20260802_075027,COMMERCIAL,6.3,6.28,6.90985150740674,,EXCLUDED_LEGACY_HIGH_VOLTAGE_NOT_5P6,1,excluded_legacy_high_voltage
session_20260803_014203,COMMERCIAL,5.7,5.65,5.8780553665372,5.6,NEW_COMMERCIAL_5P6_REMEASUREMENT_CONFIRMED,1,primary_paired
session_20260802_061432,FE,2.8,2.82,2.90763168700161,2.8,EXPERIMENTER_CONFIRMED_INTENDED_SIX_LEVEL_GRID,1,primary_paired
session_20260802_062319,FE,3.3,3.3,3.41340343258325,3.3,EXPERIMENTER_CONFIRMED_INTENDED_SIX_LEVEL_GRID,1,primary_paired
session_20260802_063131,FE,3.9,3.94,4.05846341423432,3.9,EXPERIMENTER_CONFIRMED_INTENDED_SIX_LEVEL_GRID,1,primary_paired
session_20260802_063853,FE,4.5,4.45,4.5953031876642,4.5,EXPERIMENTER_CONFIRMED_INTENDED_SIX_LEVEL_GRID,1,primary_paired
session_20260802_064604,FE,5.1,5.06,5.1974461636047,5.0,EXPERIMENTER_CONFIRMED_INTENDED_SIX_LEVEL_GRID,1,primary_paired
session_20260802_065338,FE,5.7,5.65,5.79583056509103,5.6,EXPERIMENTER_CONFIRMED_INTENDED_SIX_LEVEL_GRID,1,primary_paired
