index,time_rel_s,phase_fraction,B_t
0,0.0,0.0,0.1532536700113777
1,3.002036581616969e-07,0.0009765625,0.153263210370512
2,6.004073163233938e-07,0.001953125,0.1532558986632239
3,9.006109744850906e-07,0.0029296875,0.1532485869559358
4,1.2008146326467875e-06,0.00390625,0.15324127524864767
5,1.5010182908084844e-06,0.0048828125,0.15320948271311519
6,1.8012219489701812e-06,0.005859375,0.1531774048717178
7,2.101425607131878e-06,0.0068359375,0.1531453270303204
8,2.401629265293575e-06,0.0078125,0.15309696773423045
9,2.701832923455272e-06,0.0087890625,0.15304012375872378
10,3.002036581616969e-06,0.009765625,0.15298327978321707
11,3.302240239778666e-06,0.0107421875,0.15291026515885278
12,3.6024438979403623e-06,0.01171875,0.15280386903814114
13,3.90264755610206e-06,0.0126953125,0.1526974729174295
14,4.202851214263756e-06,0.013671875,0.15259107679671785
15,4.5030548724254535e-06,0.0146484375,0.15246003183430806
16,4.80325853058715e-06,0.015625,0.15232886957948713
17,5.1034621887488466e-06,0.0166015625,0.1521977073246662
18,5.403665846910544e-06,0.017578125,0.15206655827198057
19,5.7038695050722404e-06,0.0185546875,0.151935415894146
20,6.004073163233938e-06,0.01953125,0.15180427351631146
21,6.304276821395634e-06,0.0205078125,0.15166488104388237
22,6.604480479557332e-06,0.021484375,0.1515089725319385
23,6.904684137719028e-06,0.0224609375,0.15135306401999465
24,7.204887795880725e-06,0.0234375,0.15119710478700815
25,7.505091454042422e-06,0.0244140625,0.151016430140955
26,7.80529511220412e-06,0.025390625,0.15083575549490186
27,8.105498770365815e-06,0.0263671875,0.1506550808488487
28,8.405702428527512e-06,0.02734375,0.15047441953977636
29,8.70590608668921e-06,0.0283203125,0.15029376477070958
30,9.006109744850907e-06,0.029296875,0.1501131100016428
31,9.306313403012603e-06,0.0302734375,0.14992403712452773
32,9.6065170611743e-06,0.03125,0.14971861622135166
33,9.906720719335997e-06,0.0322265625,0.14951319531817558
34,1.0206924377497693e-05,0.033203125,0.14930733676609675
35,1.050712803565939e-05,0.0341796875,0.14905236322447404
36,1.0807331693821088e-05,0.03515625,0.14879738968285133
37,1.1107535351982785e-05,0.0361328125,0.1485424161412286
38,1.1407739010144481e-05,0.037109375,0.14828745607143218
39,1.1707942668306178e-05,0.0380859375,0.14803250240679583
40,1.2008146326467876e-05,0.0390625,0.14777754874215948
41,1.2308349984629571e-05,0.0400390625,0.14751400916977228
42,1.2608553642791269e-05,0.041015625,0.14723428998757873
43,1.2908757300952966e-05,0.0419921875,0.1469545708053852
44,1.3208960959114663e-05,0.04296875,0.14667407781881775
45,1.3509164617276359e-05,0.0439453125,0.1463448066147297
46,1.3809368275438056e-05,0.044921875,0.14601553541064163
47,1.4109571933599754e-05,0.0458984375,0.14568626420655356
48,1.440977559176145e-05,0.046875,0.14534003907190074
49,1.4709979249923147e-05,0.0478515625,0.14498600111715126
50,1.5010182908084844e-05,0.048828125,0.14463196316240182
51,1.531038656624654e-05,0.0498046875,0.14426040991178246
52,1.561059022440824e-05,0.05078125,0.14385681981182802
53,1.5910793882569934e-05,0.0517578125,0.14345322971187363
54,1.621099754073163e-05,0.052734375,0.1430490848643259
55,1.651120119889333e-05,0.0537109375,0.14262072924681432
56,1.6811404857055025e-05,0.0546875,0.14219237362930273
57,1.711160851521672e-05,0.0556640625,0.1417640180117911
58,1.741181217337842e-05,0.056640625,0.14133567613579673
59,1.7712015831540115e-05,0.0576171875,0.14090734039527147
60,1.8012219489701814e-05,0.05859375,0.14047900465474628
61,1.831242314786351e-05,0.0595703125,0.14004174654369472
62,1.8612626806025206e-05,0.060546875,0.1395886440525081
63,1.8912830464186905e-05,0.0615234375,0.13913554156132144
64,1.92130341223486e-05,0.0625,0.1386817162772835
65,1.9513237780510296e-05,0.0634765625,0.1382038470354355
66,1.9813441438671995e-05,0.064453125,0.13772597779358747
67,2.011364509683369e-05,0.0654296875,0.13724810855173947
68,2.0413848754995386e-05,0.06640625,0.13675295020489853
69,2.0714052413157085e-05,0.0673828125,0.13625031544549335
70,2.101425607131878e-05,0.068359375,0.13574768068608814
71,2.131445972948048e-05,0.0693359375,0.13523595599111868
72,2.1614663387642176e-05,0.0703125,0.1347085557141563
73,2.191486704580387e-05,0.0712890625,0.1341811554371939
74,2.221507070396557e-05,0.072265625,0.13365375587516695
75,2.2515274362127266e-05,0.0732421875,0.13312637547519093
76,2.2815478020288962e-05,0.07421875,0.13259899507521486
77,2.311568167845066e-05,0.0751953125,0.13207161467523884
78,2.3415885336612356e-05,0.076171875,0.1315093051663164
79,2.3716088994774052e-05,0.0771484375,0.1309323726211354
80,2.401629265293575e-05,0.078125,0.1303554400759544
81,2.4316496311097447e-05,0.0791015625,0.12976924912497417
82,2.4616699969259142e-05,0.080078125,0.1291675498291318
83,2.491690362742084e-05,0.0810546875,0.1285658505332894
84,2.5217107285582537e-05,0.08203125,0.12796415208722794
85,2.5517310943744236e-05,0.0830078125,0.12736247266837192
86,2.5817514601905932e-05,0.083984375,0.12676079324951592
87,2.6117718260067628e-05,0.0849609375,0.1261591138306599
88,2.6417921918229327e-05,0.0859375,0.12552216914110442
89,2.6718125576391022e-05,0.0869140625,0.12487093757704347
90,2.7018329234552718e-05,0.087890625,0.12421970601298246
91,2.7318532892714417e-05,0.0888671875,0.1235590480254858
92,2.7618736550876113e-05,0.08984375,0.1228830497107634
93,2.7918940209037808e-05,0.0908203125,0.12220705139604107
94,2.8219143867199507e-05,0.091796875,0.12152982629664101
95,2.8519347525361203e-05,0.0927734375,0.12082906246436141
96,2.88195511835229e-05,0.09375,0.12012829863208188
97,2.9119754841684598e-05,0.0947265625,0.1194275347998023
98,2.9419958499846293e-05,0.095703125,0.11870897783471655
99,2.9720162158007992e-05,0.0966796875,0.11798344848487977
100,3.0020365816169688e-05,0.09765625,0.11725791913504305
101,3.0320569474331384e-05,0.0986328125,0.11653239748539185
102,3.062077313249308e-05,0.099609375,0.11580688801254144
103,3.092097679065478e-05,0.1005859375,0.1150813785396911
104,3.122118044881648e-05,0.1015625,0.11435447420344341
105,3.152138410697817e-05,0.1025390625,0.11360419797993168
106,3.182158776513987e-05,0.103515625,0.11285392175641987
107,3.212179142330157e-05,0.1044921875,0.11210364553290814
108,3.242199508146326e-05,0.10546875,0.11133540727301271
109,3.272219873962496e-05,0.1064453125,0.1105603642988395
110,3.302240239778666e-05,0.107421875,0.10978532132466638
111,3.332260605594835e-05,0.1083984375,0.1090005163778446
112,3.362280971411005e-05,0.109375,0.10820070788611423
113,3.392301337227175e-05,0.1103515625,0.10740089939438387
114,3.422321703043344e-05,0.111328125,0.10659952809943356
115,3.452342068859514e-05,0.1123046875,0.10577495409014605
116,3.482362434675684e-05,0.11328125,0.10495038008085845
117,3.512382800491854e-05,0.1142578125,0.10412580607157094
118,3.542403166308023e-05,0.115234375,0.10328310200826323
119,3.572423532124193e-05,0.1162109375,0.10243376124831428
120,3.602443897940363e-05,0.1171875,0.10158442048836534
121,3.632464263756532e-05,0.1181640625,0.10072514925207121
122,3.662484629572702e-05,0.119140625,0.09985104174146091
123,3.692504995388872e-05,0.1201171875,0.09897693423085052
124,3.722525361205041e-05,0.12109375,0.09810109590774917
125,3.752545727021211e-05,0.1220703125,0.09720222287958163
126,3.782566092837381e-05,0.123046875,0.0963033498514141
127,3.81258645865355e-05,0.1240234375,0.09540447682324661
128,3.84260682446972e-05,0.125,0.0944873066344595
129,3.87262719028589e-05,0.1259765625,0.09356366808873483
130,3.902647556102059e-05,0.126953125,0.09264002954301012
131,3.932667921918229e-05,0.1279296875,0.09171639910200734
132,3.962688287734399e-05,0.12890625,0.09079278043326898
133,3.992708653550568e-05,0.1298828125,0.08986916176453064
134,4.022729019366738e-05,0.130859375,0.08894364417948562
135,4.052749385182908e-05,0.1318359375,0.08799525876008583
136,4.082769750999077e-05,0.1328125,0.08704687334068614
137,4.112790116815247e-05,0.1337890625,0.0860984879212864
138,4.142810482631417e-05,0.134765625,0.0851316364125935
139,4.172830848447586e-05,0.1357421875,0.0841584842425324
140,4.202851214263756e-05,0.13671875,0.08318533207247122
141,4.232871580079926e-05,0.1376953125,0.08221218814197755
142,4.262891945896096e-05,0.138671875,0.08123905584890273
143,4.292912311712265e-05,0.1396484375,0.080265923555828
144,4.322932677528435e-05,0.140625,0.07929072443171999
145,4.352953043344605e-05,0.1416015625,0.07829282662108802
146,4.382973409160774e-05,0.142578125,0.07729492881045612
147,4.412993774976944e-05,0.1435546875,0.07629703099982413
148,4.443014140793114e-05,0.14453125,0.07529914814431872
149,4.473034506609283e-05,0.1455078125,0.07430127021067313
150,4.503054872425453e-05,0.146484375,0.07330339227702755
151,4.533075238241623e-05,0.1474609375,0.07230552271779485
152,4.5630956040577923e-05,0.1484375,0.07130766466113563
153,4.593115969873962e-05,0.1494140625,0.07030980660447646
154,4.623136335690132e-05,0.150390625,0.06930747696223391
155,4.6531567015063014e-05,0.1513671875,0.06826006676036979
156,4.683177067322471e-05,0.15234375,0.06721265655850563
157,4.713197433138641e-05,0.1533203125,0.06616524635664146
158,4.7432177989548104e-05,0.154296875,0.0650990340302112
159,4.77323816477098e-05,0.1552734375,0.06402685707768559
160,4.80325853058715e-05,0.15625,0.06295468012516006
161,4.8332788964033195e-05,0.1572265625,0.061882511681892856
162,4.8632992622194894e-05,0.158203125,0.06081035460635366
163,4.893319628035659e-05,0.1591796875,0.05973819753081446
164,4.9233399938518285e-05,0.16015625,0.0586636376056998
165,4.9533603596679984e-05,0.1611328125,0.057566715012603464
166,4.983380725484168e-05,0.162109375,0.05646979241950703
167,5.013401091300338e-05,0.1630859375,0.055372869826410695
168,5.0434214571165074e-05,0.1640625,0.054256978035610325
169,5.073441822932677e-05,0.1650390625,0.053135289924956745
170,5.103462188748847e-05,0.166015625,0.05201360181430317
171,5.1334825545650165e-05,0.1669921875,0.05089192234775343
172,5.1635029203811864e-05,0.16796875,0.049770254114086275
173,5.193523286197356e-05,0.1689453125,0.048648585880419024
174,5.2235436520135255e-05,0.169921875,0.04752691971014207
175,5.2535640178296954e-05,0.1708984375,0.046405271353461244
176,5.283584383645865e-05,0.171875,0.04528362299678041
177,5.3136047494620345e-05,0.1728515625,0.044161974640099626
178,5.3436251152782044e-05,0.173828125,0.04302118812357967
179,5.3736454810943744e-05,0.1748046875,0.04187477301623749
180,5.4036658469105436e-05,0.17578125,0.04072835790889526
181,5.4336862127267135e-05,0.1767578125,0.0395710042193889
182,5.4637065785428834e-05,0.177734375,0.03839982236138528
183,5.4937269443590526e-05,0.1787109375,0.037228640503381656
184,5.5237473101752225e-05,0.1796875,0.03605746084361377
185,5.5537676759913924e-05,0.1806640625,0.03488629886259646
186,5.5837880418075617e-05,0.181640625,0.03371513688157926
187,5.6138084076237316e-05,0.1826171875,0.03254397490056201
188,5.6438287734399015e-05,0.18359375,0.03135350770329858
189,5.673849139256071e-05,0.1845703125,0.030157580204724196
190,5.7038695050722406e-05,0.185546875,0.0289616527061497
191,5.7338898708884105e-05,0.1865234375,0.027754619160757804
192,5.76391023670458e-05,0.1875,0.026533926144626175
193,5.7939306025207496e-05,0.1884765625,0.025313233128494542
194,5.8239509683369195e-05,0.189453125,0.024092542445444065
195,5.8539713341530894e-05,0.1904296875,0.022871869306298805
196,5.883991699969259e-05,0.19140625,0.0216511961671536
197,5.9140120657854286e-05,0.1923828125,0.020430523028008286
198,5.9440324316015985e-05,0.193359375,0.01920986551821697
199,5.974052797417768e-05,0.1943359375,0.01798921225605808
200,6.0040731632339376e-05,0.1953125,0.016768558993899188
201,6.0340935290501075e-05,0.1962890625,0.015536631114303189
202,6.064113894866277e-05,0.197265625,0.014291211101482905
203,6.0941342606824467e-05,0.1982421875,0.013045791088662677
204,6.124154626498616e-05,0.19921875,0.01180037354376902
205,6.154174992314786e-05,0.2001953125,0.010554973407935106
206,6.184195358130956e-05,0.201171875,0.009309573272101192
207,6.214215723947126e-05,0.2021484375,0.00806417313626728
208,6.244236089763295e-05,0.203125,0.006818788764632731
209,6.274256455579465e-05,0.2041015625,0.005573408505785188
210,6.304276821395634e-05,0.205078125,0.0043280282469377014
211,6.334297187211804e-05,0.2060546875,0.003082657171575893
212,6.364317553027974e-05,0.20703125,0.0018372967897147213
213,6.394337918844144e-05,0.2080078125,0.0005919364078535495
214,6.424358284660314e-05,0.208984375,-0.0006534213712355187
215,6.454378650476483e-05,0.2099609375,-0.0018987618761103198
216,6.484399016292652e-05,0.2109375,-0.0031441023809850644
217,6.514419382108822e-05,0.2119140625,-0.004389442885859866
218,6.544439747924992e-05,0.212890625,-0.005654593621119702
219,6.574460113741162e-05,0.2138671875,-0.006924700876655898
220,6.604480479557332e-05,0.21484375,-0.008194808132192095
221,6.634500845373502e-05,0.2158203125,-0.009476525462359095
222,6.66452121118967e-05,0.216796875,-0.010771398235452423
223,6.69454157700584e-05,0.2177734375,-0.012066271008545808
224,6.72456194282201e-05,0.21875,-0.013361141044021616
225,6.75458230863818e-05,0.2197265625,-0.01465599394012863
226,6.78460267445435e-05,0.220703125,-0.015950846836235644
227,6.81462304027052e-05,0.2216796875,-0.01724569973234266
228,6.844643406086688e-05,0.22265625,-0.018540536594559297
229,6.874663771902858e-05,0.2236328125,-0.01983536961367994
230,6.904684137719028e-05,0.224609375,-0.021130202632800583
231,6.934704503535198e-05,0.2255859375,-0.022436813735823142
232,6.964724869351368e-05,0.2265625,-0.023756412272500974
233,6.994745235167538e-05,0.2275390625,-0.025076010809178807
234,7.024765600983708e-05,0.228515625,-0.026395606473393587
235,7.054785966799876e-05,0.2294921875,-0.027715185133084987
236,7.084806332616046e-05,0.23046875,-0.02903476379277645
237,7.114826698432216e-05,0.2314453125,-0.030354342452467913
238,7.144847064248386e-05,0.232421875,-0.031673904943423585
239,7.174867430064556e-05,0.2333984375,-0.03299346372612867
240,7.204887795880726e-05,0.234375,-0.034313022508833765
241,7.234908161696894e-05,0.2353515625,-0.035632571703516636
242,7.264928527513064e-05,0.236328125,-0.03695211060923536
243,7.294948893329234e-05,0.2373046875,-0.03827164951495408
244,7.324969259145404e-05,0.23828125,-0.03959118541336427
245,7.354989624961574e-05,0.2392578125,-0.040910704442096615
246,7.385009990777744e-05,0.240234375,-0.04223022347082897
247,7.415030356593912e-05,0.2412109375,-0.043549742499561256
248,7.445050722410082e-05,0.2421875,-0.044869245224712334
249,7.475071088226252e-05,0.2431640625,-0.04618874437645832
250,7.505091454042422e-05,0.244140625,-0.0475082435282043
251,7.535111819858592e-05,0.2451171875,-0.048827732957082634
252,7.565132185674762e-05,0.24609375,-0.05014721223184224
253,7.59515255149093e-05,0.2470703125,-0.0514666915066018
254,7.6251729173071e-05,0.248046875,-0.0527861676392074
255,7.65519328312327e-05,0.2490234375,-0.05410562703698063
256,7.68521364893944e-05,0.25,-0.05542508643475387
257,7.71523401475561e-05,0.2509765625,-0.0567445458325271
258,7.74525438057178e-05,0.251953125,-0.0580639887918736
259,7.77527474638795e-05,0.2529296875,-0.05938342831266046
260,7.805295112204118e-05,0.25390625,-0.06070286783344726
261,7.835315478020288e-05,0.2548828125,-0.06203459007749015
262,7.865335843836458e-05,0.255859375,-0.06337879634893841
263,7.895356209652628e-05,0.2568359375,-0.06472300262038667
264,7.925376575468798e-05,0.2578125,-0.06606720561483545
265,7.955396941284968e-05,0.2587890625,-0.06741139200929734
266,7.985417307101136e-05,0.259765625,-0.06875557840375918
267,8.015437672917306e-05,0.2607421875,-0.07009976479822105
268,8.045458038733476e-05,0.26171875,-0.07144393461941073
269,8.075478404549646e-05,0.2626953125,-0.07278810113688625
270,8.105498770365816e-05,0.263671875,-0.07413226765436177
271,8.135519136181986e-05,0.2646484375,-0.0754764241792787
272,8.165539501998155e-05,0.265625,-0.07682057081976779
273,8.195559867814324e-05,0.2666015625,-0.07816471746025694
274,8.225580233630494e-05,0.267578125,-0.07950460611383865
275,8.255600599446664e-05,0.2685546875,-0.08082394624969366
276,8.285620965262834e-05,0.26953125,-0.08214328638554867
277,8.315641331079004e-05,0.2705078125,-0.08346262652140368
278,8.345661696895173e-05,0.271484375,-0.08478194994914094
279,8.375682062711342e-05,0.2724609375,-0.08610127020800959
280,8.405702428527512e-05,0.2734375,-0.08742059046687822
281,8.435722794343682e-05,0.2744140625,-0.08875252948427587
282,8.465743160159852e-05,0.275390625,-0.09009661649380589
283,8.495763525976022e-05,0.2763671875,-0.09144070350333593
284,8.525783891792192e-05,0.27734375,-0.09278920969371998
285,8.55580425760836e-05,0.2783203125,-0.09415806345391134
286,8.58582462342453e-05,0.279296875,-0.09552691721410277
287,8.6158449892407e-05,0.2802734375,-0.09689577097429419
288,8.64586535505687e-05,0.28125,-0.09824360469471882
289,8.67588572087304e-05,0.2822265625,-0.09958765195027612
290,8.70590608668921e-05,0.283203125,-0.10093169920583342
291,8.735926452505379e-05,0.2841796875,-0.10227573619914111
292,8.765946818321549e-05,0.28515625,-0.10361976357771203
293,8.795967184137718e-05,0.2861328125,-0.10496379095628296
294,8.825987549953888e-05,0.287109375,-0.10630781465331798
295,8.856007915770058e-05,0.2880859375,-0.10765182215490253
296,8.886028281586228e-05,0.2890625,-0.10899582965648708
297,8.916048647402397e-05,0.2900390625,-0.11033983715807155
298,8.946069013218567e-05,0.291015625,-0.11168382768184747
299,8.976089379034737e-05,0.2919921875,-0.11302781530644564
300,9.006109744850906e-05,0.29296875,-0.11437180293104382
301,9.036130110667076e-05,0.2939453125,-0.11572874534944398
302,9.066150476483246e-05,0.294921875,-0.11709749972470355
303,9.096170842299415e-05,0.2958984375,-0.11846625409996306
304,9.126191208115585e-05,0.296875,-0.11983500465884125
305,9.156211573931755e-05,0.2978515625,-0.12120373915711447
306,9.186231939747924e-05,0.298828125,-0.12257247365538766
307,9.216252305564094e-05,0.2998046875,-0.12394120815366087
308,9.246272671380264e-05,0.30078125,-0.12528858603751242
309,9.276293037196434e-05,0.3017578125,-0.1266325140311515
310,9.306313403012603e-05,0.302734375,-0.1279764420247905
311,9.336333768828773e-05,0.3037109375,-0.12929409345309884
312,9.366354134644943e-05,0.3046875,-0.1305884295475602
313,9.396374500461112e-05,0.3056640625,-0.1318827656420216
314,9.426394866277282e-05,0.306640625,-0.13317217084538713
315,9.456415232093452e-05,0.3076171875,-0.13444170166831856
316,9.486435597909621e-05,0.30859375,-0.13571123249124994
317,9.516455963725791e-05,0.3095703125,-0.1369807633141814
318,9.54647632954196e-05,0.310546875,-0.13825027688961325
319,9.57649669535813e-05,0.3115234375,-0.1395197878355583
320,9.6065170611743e-05,0.3125,-0.14078929878150337
321,9.63653742699047e-05,0.3134765625,-0.14204549756480156
322,9.666557792806639e-05,0.314453125,-0.14329020200611242
323,9.696578158622809e-05,0.3154296875,-0.14453490644742337
324,9.726598524438979e-05,0.31640625,-0.14577451146518966
325,9.756618890255149e-05,0.3173828125,-0.14699440940186642
326,9.786639256071319e-05,0.318359375,-0.1482143073385432
327,9.816659621887488e-05,0.3193359375,-0.14943420527522
328,9.846679987703657e-05,0.3203125,-0.15065408582955167
329,9.876700353519827e-05,0.3212890625,-0.15187396388924207
330,9.906720719335997e-05,0.322265625,-0.1530938419489325
331,9.936741085152167e-05,0.3232421875,-0.15430024022874703
332,9.966761450968337e-05,0.32421875,-0.1554953130169075
333,9.996781816784507e-05,0.3251953125,-0.156690385805068
334,0.00010026802182600676,0.326171875,-0.15788019114420854
335,0.00010056822548416845,0.3271484375,-0.15905045866083906
336,0.00010086842914233015,0.328125,-0.1602207261774696
337,0.00010116863280049185,0.3291015625,-0.16139099369410018
338,0.00010146883645865355,0.330078125,-0.1625612436935402
339,0.00010176904011681525,0.3310546875,-0.16373149133318435
340,0.00010206924377497694,0.33203125,-0.16490173897282853
341,0.00010236944743313863,0.3330078125,-0.16607197567599577
342,0.00010266965109130033,0.333984375,-0.1672422034386536
343,0.00010296985474946203,0.3349609375,-0.16841243120131139
344,0.00010327005840762373,0.3359375,-0.16958265460820593
345,0.00010357026206578543,0.3369140625,-0.17075286249387736
346,0.00010387046572394713,0.337890625,-0.1719230703795488
347,0.00010417066938210881,0.3388671875,-0.17309327826522017
348,0.00010447087304027051,0.33984375,-0.1742634684988556
349,0.00010477107669843221,0.3408203125,-0.17543365650754067
350,0.00010507128035659391,0.341796875,-0.17660384451622577
351,0.00010537148401475561,0.3427734375,-0.17776021550028165
352,0.0001056716876729173,0.34375,-0.1789055970043326
353,0.00010597189133107899,0.3447265625,-0.1800509785083835
354,0.00010627209498924069,0.345703125,-0.18118515621057216
355,0.00010657229864740239,0.3466796875,-0.1822809458154454
356,0.00010687250230556409,0.34765625,-0.18337673542031865
357,0.00010717270596372579,0.3486328125,-0.1844725250251919
358,0.00010747290962188749,0.349609375,-0.1855461176824471
359,0.00010777311328004919,0.3505859375,-0.18661710201579043
360,0.00010807331693821087,0.3515625,-0.18768808634913367
361,0.00010837352059637257,0.3525390625,-0.1887590594763091
362,0.00010867372425453427,0.353515625,-0.18983002393266604
363,0.00010897392791269597,0.3544921875,-0.19090098838902297
364,0.00010927413157085767,0.35546875,-0.19197194821992566
365,0.00010957433522901937,0.3564453125,-0.19304289279929623
366,0.00010987453888718105,0.357421875,-0.19411383737866675
367,0.00011017474254534275,0.3583984375,-0.19518478195803732
368,0.00011047494620350445,0.359375,-0.1962557086156809
369,0.00011077514986166615,0.3603515625,-0.1973266333180651
370,0.00011107535351982785,0.361328125,-0.19839755802044928
371,0.00011137555717798955,0.3623046875,-0.19946847138182014
372,0.00011167576083615123,0.36328125,-0.20053937620721793
373,0.00011197596449431293,0.3642578125,-0.20161028103261575
374,0.00011227616815247463,0.365234375,-0.20268118109771388
375,0.00011257637181063633,0.3662109375,-0.20375206604612534
376,0.00011287657546879803,0.3671875,-0.2048229509945368
377,0.00011317677912695973,0.3681640625,-0.20589383594294824
378,0.00011347698278512141,0.369140625,-0.2069196708166762
379,0.00011377718644328311,0.3701171875,-0.20794096386590996
380,0.00011407739010144481,0.37109375,-0.2089622569151437
381,0.00011437759375960651,0.3720703125,-0.2099549183789386
382,0.00011467779741776821,0.373046875,-0.21092661952899464
383,0.00011497800107592991,0.3740234375,-0.21189832067905068
384,0.0001152782047340916,0.375,-0.21287612088264654
385,0.0001155784083922533,0.3759765625,-0.21387258755025979
386,0.00011587861205041499,0.376953125,-0.21486905421787303
387,0.00011617881570857669,0.3779296875,-0.21586552088548627
388,0.00011647901936673839,0.37890625,-0.21683928464005833
389,0.00011677922302490009,0.3798828125,-0.21781094480303745
390,0.00011707942668306179,0.380859375,-0.21878260496601656
391,0.00011737963034122347,0.3818359375,-0.2197397756753474
392,0.00011767983399938517,0.3828125,-0.22068663056679655
393,0.00011798003765754687,0.3837890625,-0.22163348545824574
394,0.00011828024131570857,0.384765625,-0.22257406322690265
395,0.00011858044497387027,0.3857421875,-0.2234961128468219
396,0.00011888064863203197,0.38671875,-0.22441816246674112
397,0.00011918085229019366,0.3876953125,-0.22534021208666033
398,0.00011948105594835535,0.388671875,-0.22621653876900807
399,0.00011978125960651705,0.3896484375,-0.22708899648974962
400,0.00012008146326467875,0.390625,-0.22796145421049116
401,0.00012038166692284045,0.3916015625,-0.22883390018568292
402,0.00012068187058100215,0.392578125,-0.2297063380294381
403,0.00012098207423916384,0.3935546875,-0.23057877587319325
404,0.00012128227789732553,0.39453125,-0.2314512085521123
405,0.00012158248155548723,0.3955078125,-0.23232362651888108
406,0.00012188268521364893,0.396484375,-0.2331960444856499
407,0.00012218288887181063,0.3974609375,-0.2340684624524187
408,0.00012248309252997232,0.3984375,-0.2349178409314914
409,0.00012278329618813403,0.3994140625,-0.23576545239362612
410,0.00012308349984629572,0.400390625,-0.23661306385576075
411,0.00012338370350445743,0.4013671875,-0.23743103443812452
412,0.00012368390716261911,0.40234375,-0.23822905400108144
413,0.0001239841108207808,0.4033203125,-0.23902707356403838
414,0.0001242843144789425,0.404296875,-0.239818479446279
415,0.0001245845181371042,0.4052734375,-0.240591693737706
416,0.0001248847217952659,0.40625,-0.24136490802913307
417,0.0001251849254534276,0.4072265625,-0.24213812232056006
418,0.0001254851291115893,0.408203125,-0.24291131801603277
419,0.000125785332769751,0.4091796875,-0.2436845124304734
420,0.00012608553642791268,0.41015625,-0.24445770684491402
421,0.0001263857400860744,0.4111328125,-0.24521590622343348
422,0.00012668594374423608,0.412109375,-0.24596429413323997
423,0.0001269861474023978,0.4130859375,-0.24671268204304653
424,0.00012728635106055948,0.4140625,-0.247454287656034
425,0.00012758655471872116,0.4150390625,-0.24817786906120637
426,0.00012788675837688287,0.416015625,-0.2489014504663788
427,0.00012818696203504456,0.4169921875,-0.24962503187155116
428,0.00012848716569320627,0.41796875,-0.25032523837637116
429,0.00012878736935136796,0.4189453125,-0.25102401451001355
430,0.00012908757300952967,0.419921875,-0.25172279064365605
431,0.00012938777666769136,0.4208984375,-0.25240640420780197
432,0.00012968798032585304,0.421875,-0.2530803750699145
433,0.00012998818398401475,0.4228515625,-0.253754345932027
434,0.00013028838764217644,0.423828125,-0.25442136620999306
435,0.00013058859130033815,0.4248046875,-0.2550705305674715
436,0.00013088879495849984,0.42578125,-0.25571969492494984
437,0.00013118899861666155,0.4267578125,-0.2563688592824283
438,0.00013148920227482323,0.427734375,-0.2569944792902283
439,0.00013178940593298492,0.4287109375,-0.2576188371430725
440,0.00013208960959114663,0.4296875,-0.2582431949959168
441,0.00013238981324930832,0.4306640625,-0.25885222200030245
442,0.00013269001690747003,0.431640625,-0.2594517745816168
443,0.00013299022056563172,0.4326171875,-0.2600513271629311
444,0.0001332904242237934,0.43359375,-0.26063664805938697
445,0.00013359062788195511,0.4345703125,-0.2611866087415236
446,0.0001338908315401168,0.435546875,-0.2617365694236602
447,0.0001341910351982785,0.4365234375,-0.26228653010579683
448,0.0001344912388564402,0.4375,-0.26281277815092763
449,0.0001347914425146019,0.4384765625,-0.26333793232843017
450,0.0001350916461727636,0.439453125,-0.2638630865059326
451,0.00013539184983092528,0.4404296875,-0.26438822826365793
452,0.000135692053489087,0.44140625,-0.2649133625641741
453,0.00013599225714724868,0.4423828125,-0.2654384968646902
454,0.0001362924608054104,0.443359375,-0.26595634436864163
455,0.00013659266446357208,0.4443359375,-0.2664566733976278
456,0.00013689286812173376,0.4453125,-0.26695700242661397
457,0.00013719307177989548,0.4462890625,-0.2674573314556002
458,0.00013749327543805716,0.447265625,-0.26790991895835076
459,0.00013779347909621887,0.4482421875,-0.26836065608815923
460,0.00013809368275438056,0.44921875,-0.2688113932179677
461,0.00013839388641254227,0.4501953125,-0.2692308073107852
462,0.00013869409007070396,0.451171875,-0.269631952541416
463,0.00013899429372886564,0.4521484375,-0.27003309777204676
464,0.00013929449738702736,0.453125,-0.27043423702876856
465,0.00013959470104518904,0.4541015625,-0.27083536238241296
466,0.00013989490470335075,0.455078125,-0.2712364877360574
467,0.00014019510836151244,0.4560546875,-0.27163761308970175
468,0.00014049531201967415,0.45703125,-0.27203871917316447
469,0.00014079551567783584,0.4580078125,-0.2724398246498225
470,0.00014109571933599752,0.458984375,-0.27284093012648053
471,0.00014139592299415924,0.4599609375,-0.2732261999177939
472,0.00014169612665232092,0.4609375,-0.27360250012292203
473,0.00014199633031048263,0.4619140625,-0.27397880032805016
474,0.00014229653396864432,0.462890625,-0.27434747679972205
475,0.000142596737626806,0.4638671875,-0.274698970500216
476,0.00014289694128496772,0.46484375,-0.27505046420071
477,0.0001431971449431294,0.4658203125,-0.2754019579012039
478,0.00014349734860129112,0.466796875,-0.2757050372125743
479,0.0001437975522594528,0.4677734375,-0.27600693901389056
480,0.00014409775591761451,0.46875,-0.27630884081520685
481,0.0001443979595757762,0.4697265625,-0.27659473865221634
482,0.00014469816323393788,0.470703125,-0.2768718351820027
483,0.0001449983668920996,0.4716796875,-0.27714893171178906
484,0.00014529857055026128,0.47265625,-0.27742602199797545
485,0.000145598774208423,0.4736328125,-0.2777030986507754
486,0.00014589897786658468,0.474609375,-0.2779801753035754
487,0.0001461991815247464,0.4755859375,-0.27825725195637535
488,0.00014649938518290808,0.4765625,-0.2785099429440789
489,0.00014679958884106976,0.4775390625,-0.2787622132155551
490,0.00014709979249923148,0.478515625,-0.2790144834870314
491,0.00014739999615739316,0.4794921875,-0.27923442110560676
492,0.00014770019981555488,0.48046875,-0.2794370989846636
493,0.00014800040347371656,0.4814453125,-0.2796397768637205
494,0.00014830060713187825,0.482421875,-0.27983449463251536
495,0.00014860081079003996,0.4833984375,-0.2800123666234902
496,0.00014890101444820164,0.484375,-0.28019023861446507
497,0.00014920121810636336,0.4853515625,-0.28036811060543987
498,0.00014950142176452504,0.486328125,-0.28049689534440303
499,0.00014980162542268675,0.4873046875,-0.2806251754362002
500,0.00015010182908084844,0.48828125,-0.28075345552799735
501,0.00015040203273901013,0.4892578125,-0.2808490668570274
502,0.00015070223639717184,0.490234375,-0.2809277550496468
503,0.00015100244005533352,0.4912109375,-0.28100644324226626
504,0.00015130264371349524,0.4921875,-0.28108512492159476
505,0.00015160284737165692,0.4931640625,-0.28116379323722784
506,0.0001519030510298186,0.494140625,-0.2812424615528609
507,0.00015220325468798032,0.4951171875,-0.281321129868494
508,0.000152503458346142,0.49609375,-0.2813997783745635
509,0.00015280366200430372,0.4970703125,-0.28147842681321017
510,0.0001531038656624654,0.498046875,-0.28155707525185686
511,0.00015340406932062712,0.4990234375,-0.281619214478973
512,0.0001537042729787888,0.5,-0.28167305702953765
513,0.0001540044766369505,0.5009765625,-0.28172689958010233
514,0.0001543046802951122,0.501953125,-0.28176415542570044
515,0.00015460488395327389,0.5029296875,-0.28176840607708736
516,0.0001549050876114356,0.50390625,-0.28177265672847435
517,0.00015520529126959728,0.5048828125,-0.28177682323828895
518,0.000155505494927759,0.505859375,-0.28175626800159387
519,0.00015580569858592068,0.5068359375,-0.28173571276489884
520,0.00015610590224408237,0.5078125,-0.28171515752820375
521,0.00015640610590224408,0.5087890625,-0.2816779247968334
522,0.00015670630956040577,0.509765625,-0.2816325636720563
523,0.00015700651321856748,0.5107421875,-0.2815872025472792
524,0.00015730671687672916,0.51171875,-0.2815249182860915
525,0.00015760692053489085,0.5126953125,-0.2814299652621367
526,0.00015790712419305256,0.513671875,-0.2813350122381819
527,0.00015820732785121425,0.5146484375,-0.2812400590119589
528,0.00015850753150937596,0.515625,-0.28114508611101774
529,0.00015880773516753764,0.5166015625,-0.2810501132100766
530,0.00015910793882569936,0.517578125,-0.28095514030913543
531,0.00015940814248386104,0.5185546875,-0.2808601539096533
532,0.00015970834614202273,0.51953125,-0.2807651611317258
533,0.00016000854980018444,0.5205078125,-0.28067016835379827
534,0.00016030875345834613,0.521484375,-0.28054928968300247
535,0.00016060895711650784,0.5224609375,-0.2803799189948016
536,0.00016090916077466952,0.5234375,-0.2802105483066007
537,0.0001612093644328312,0.5244140625,-0.28004033653978966
538,0.00016150956809099292,0.525390625,-0.2798213739524111
539,0.0001618097717491546,0.5263671875,-0.27960241136503244
540,0.00016210997540731632,0.52734375,-0.27938344877765386
541,0.000162410179065478,0.5283203125,-0.2791644725568888
542,0.00016271038272363972,0.529296875,-0.27894549009252384
543,0.0001630105863818014,0.5302734375,-0.27872650762815887
544,0.0001633107900399631,0.53125,-0.2784987235940557
545,0.0001636109936981248,0.5322265625,-0.2782549351182983
546,0.0001639111973562865,0.533203125,-0.27801114664254084
547,0.0001642114010144482,0.5341796875,-0.2777667691728489
548,0.00016451160467260989,0.53515625,-0.2774981746856991
549,0.0001648118083307716,0.5361328125,-0.2772295801985492
550,0.00016511201198893328,0.537109375,-0.2769609857113993
551,0.00016541221564709497,0.5380859375,-0.2766752093072083
552,0.00016571241930525668,0.5390625,-0.2763818095485285
553,0.00016601262296341837,0.5400390625,-0.27608840978984867
554,0.00016631282662158008,0.541015625,-0.2757860404449836
555,0.00016661303027974177,0.5419921875,-0.2754678354147739
556,0.00016691323393790345,0.54296875,-0.2751496303845642
557,0.00016721343759606516,0.5439453125,-0.27483066806138096
558,0.00016751364125422685,0.544921875,-0.27448765652653706
559,0.00016781384491238856,0.5458984375,-0.2741446449916932
560,0.00016811404857055025,0.546875,-0.2738016334568493
561,0.00016841425222871196,0.5478515625,-0.27344127086350006
562,0.00016871445588687365,0.548828125,-0.27307345282402207
563,0.00016901465954503533,0.5498046875,-0.27270563478454407
564,0.00016931486320319704,0.55078125,-0.2723378094227023
565,0.00016961506686135873,0.5517578125,-0.2719699715062379
566,0.00016991527051952044,0.552734375,-0.27160213358977353
567,0.00017021547417768213,0.5537109375,-0.27123244530036705
568,0.00017051567783584384,0.5546875,-0.270815015484725
569,0.00017081588149400553,0.5556640625,-0.2703975856690829
570,0.0001711160851521672,0.556640625,-0.2699801558534408
571,0.00017141628881032892,0.5576171875,-0.26951019781788094
572,0.0001717164924684906,0.55859375,-0.26901839070851763
573,0.00017201669612665232,0.5595703125,-0.26852658359915427
574,0.000172316899784814,0.560546875,-0.2680347690325817
575,0.0001726171034429757,0.5615234375,-0.267542942046232
576,0.0001729173071011374,0.5625,-0.26705111505988227
577,0.0001732175107592991,0.5634765625,-0.266559287197037
578,0.0001735177144174608,0.564453125,-0.2660674403337009
579,0.0001738179180756225,0.5654296875,-0.2655755934703648
580,0.0001741181217337842,0.56640625,-0.2650837466070287
581,0.0001744183253919459,0.5673828125,-0.2645565395293733
582,0.00017471852905010757,0.568359375,-0.2640151007668596
583,0.00017501873270826929,0.5693359375,-0.26347366200434574
584,0.00017531893636643097,0.5703125,-0.26292274834777396
585,0.00017561914002459268,0.5712890625,-0.262356503080626
586,0.00017591934368275437,0.572265625,-0.26179025781347814
587,0.00017621954734091605,0.5732421875,-0.2612227504541148
588,0.00017651975099907777,0.57421875,-0.2606316999154369
589,0.00017681995465723945,0.5751953125,-0.2600406493767591
590,0.00017712015831540117,0.576171875,-0.2594495988380812
591,0.00017742036197356285,0.5771484375,-0.258840693266514
592,0.00017772056563172456,0.578125,-0.2582248374563062
593,0.00017802076928988625,0.5791015625,-0.2576089816460984
594,0.00017832097294804793,0.580078125,-0.25698348265450516
595,0.00017862117660620965,0.5810546875,-0.2563428203396632
596,0.00017892138026437133,0.58203125,-0.2557021580248213
597,0.00017922158392253304,0.5830078125,-0.25506006526769615
598,0.00017952178758069473,0.583984375,-0.25439459644822016
599,0.00017982199123885644,0.5849609375,-0.25372912762874406
600,0.00018012219489701813,0.5859375,-0.253063658809268
601,0.00018042239855517981,0.5869140625,-0.2523621569125847
602,0.00018072260221334153,0.587890625,-0.2516470961939309
603,0.0001810228058715032,0.5888671875,-0.25093203547527715
604,0.00018132300952966492,0.58984375,-0.25020716377562785
605,0.0001816232131878266,0.5908203125,-0.24946729778544416
606,0.0001819234168459883,0.591796875,-0.24872743179526052
607,0.00018222362050415,0.5927734375,-0.24798756452404477
608,0.0001825238241623117,0.59375,-0.24724767865687475
609,0.0001828240278204734,0.5947265625,-0.24650779278970464
610,0.0001831242314786351,0.595703125,-0.2457679069225346
611,0.0001834244351367968,0.5966796875,-0.24500982856022196
612,0.0001837246387949585,0.59765625,-0.2442451361884178
613,0.00018402484245312018,0.5986328125,-0.24348044381661366
614,0.0001843250461112819,0.599609375,-0.24270577218485181
615,0.00018462524976944357,0.6005859375,-0.2419162745415177
616,0.00018492545342760529,0.6015625,-0.24112677689818354
617,0.00018522565708576697,0.6025390625,-0.24033551232574782
618,0.00018552586074392868,0.603515625,-0.23952120941088373
619,0.00018582606440209037,0.6044921875,-0.2387069064960197
620,0.00018612626806025206,0.60546875,-0.2378926035811557
621,0.00018642647171841377,0.6064453125,-0.23705993988382157
622,0.00018672667537657545,0.607421875,-0.2362208304643234
623,0.00018702687903473717,0.6083984375,-0.23538172104482516
624,0.00018732708269289885,0.609375,-0.23453246358195923
625,0.00018762728635106054,0.6103515625,-0.23366854765782694
626,0.00018792749000922225,0.611328125,-0.2328046317336946
627,0.00018822769366738393,0.6123046875,-0.2319407142588393
628,0.00018852789732554565,0.61328125,-0.23107677845772057
629,0.00018882810098370733,0.6142578125,-0.2302128426566019
630,0.00018912830464186905,0.615234375,-0.22934890685548318
631,0.00018942850830003073,0.6162109375,-0.22846644290562684
632,0.00018972871195819242,0.6171875,-0.22757770183297824
633,0.00019002891561635413,0.6181640625,-0.22668896076032957
634,0.00019032911927451581,0.619140625,-0.22578990386979927
635,0.00019062932293267753,0.6201171875,-0.22487635752562066
636,0.0001909295265908392,0.62109375,-0.22396281118144215
637,0.0001912297302490009,0.6220703125,-0.22304926315169518
638,0.0001915299339071626,0.623046875,-0.22213569693053017
639,0.0001918301375653243,0.6240234375,-0.22122213070936528
640,0.000192130341223486,0.625,-0.2203085644882003
641,0.0001924305448816477,0.6259765625,-0.2193763009099105
642,0.0001927307485398094,0.626953125,-0.2184379281841114
643,0.0001930309521979711,0.6279296875,-0.21749955545831234
644,0.00019333115585613278,0.62890625,-0.21655069811449068
645,0.0001936313595142945,0.6298828125,-0.21558751888405742
646,0.00019393156317245618,0.630859375,-0.21462433965362424
647,0.0001942317668306179,0.6318359375,-0.21366115860277707
648,0.00019453197048877957,0.6328125,-0.21269795949535752
649,0.0001948321741469413,0.6337890625,-0.2117347603879379
650,0.00019513237780510297,0.634765625,-0.21077156128051835
651,0.00019543258146326466,0.6357421875,-0.20978949746643702
652,0.00019573278512142637,0.63671875,-0.20880149308748747
653,0.00019603298877958806,0.6376953125,-0.20781348870853797
654,0.00019633319243774977,0.638671875,-0.20680418758440555
655,0.00019663339609591145,0.6396484375,-0.20576659130627836
656,0.00019693359975407314,0.640625,-0.2047289950281512
657,0.00019723380341223485,0.6416015625,-0.20369139679476453
658,0.00019753400707039654,0.642578125,-0.20265378063965098
659,0.00019783421072855825,0.6435546875,-0.20161616448453734
660,0.00019813441438671994,0.64453125,-0.20057854832942382
661,0.00019843461804488165,0.6455078125,-0.19954091692277806
662,0.00019873482170304333,0.646484375,-0.19850328089067815
663,0.00019903502536120502,0.6474609375,-0.19746564485857823
664,0.00019933522901936673,0.6484375,-0.19640637564985133
665,0.00019963543267752842,0.6494140625,-0.19531914771857373
666,0.00019993563633569013,0.650390625,-0.19423191978729604
667,0.00020023583999385182,0.6513671875,-0.1931394771686361
668,0.00020053604365201353,0.65234375,-0.1920026573381807
669,0.00020083624731017521,0.6533203125,-0.1908658375077254
670,0.0002011364509683369,0.654296875,-0.1897290176772701
671,0.0002014366546264986,0.6552734375,-0.1885921824604371
672,0.0002017368582846603,0.65625,-0.18745534275299544
673,0.000202037061942822,0.6572265625,-0.18631850304555364
674,0.0002023372656009837,0.658203125,-0.185192635206789
675,0.00020263746925914538,0.6591796875,-0.1840805622500087
676,0.0002029376729173071,0.66015625,-0.18296848929322831
677,0.00020323787657546878,0.6611328125,-0.18185363959554532
678,0.0002035380802336305,0.662109375,-0.1807167601341308
679,0.00020383828389179218,0.6630859375,-0.17957988067271638
680,0.0002041384875499539,0.6640625,-0.17844300121130185
681,0.00020443869120811558,0.6650390625,-0.1772867512434528
682,0.00020473889486627726,0.666015625,-0.17612506527740426
683,0.00020503909852443897,0.6669921875,-0.17496337931135558
684,0.00020533930218260066,0.66796875,-0.17379053613261505
685,0.00020563950584076237,0.6689453125,-0.17260404489503645
686,0.00020593970949892406,0.669921875,-0.17141755365745798
687,0.00020623991315708574,0.6708984375,-0.17022811753804346
688,0.00020654011681524745,0.671875,-0.16901682102893492
689,0.00020684032047340914,0.6728515625,-0.16780552451982653
690,0.00020714052413157085,0.673828125,-0.166594228010718
691,0.00020744072778973254,0.6748046875,-0.16536339270784747
692,0.00020774093144789425,0.67578125,-0.16412728969410484
693,0.00020804113510605594,0.6767578125,-0.1628911866803623
694,0.00020834133876421762,0.677734375,-0.1616550745912648
695,0.00020864154242237933,0.6787109375,-0.16041895170053574
696,0.00020894174608054102,0.6796875,-0.15918282880980683
697,0.00020924194973870273,0.6806640625,-0.1579498142453528
698,0.00020954215339686442,0.681640625,-0.15673845810528528
699,0.00020984235705502613,0.6826171875,-0.15552710196521763
700,0.00021014256071318782,0.68359375,-0.15431574582515012
701,0.0002104427643713495,0.6845703125,-0.15310437389416856
702,0.00021074296802951121,0.685546875,-0.15189299787711455
703,0.0002110431716876729,0.6865234375,-0.15068162186006065
704,0.0002113433753458346,0.6875,-0.14944726694060365
705,0.0002116435790039963,0.6884765625,-0.14818629902437203
706,0.00021194378266215798,0.689453125,-0.14692533110814043
707,0.0002122439863203197,0.6904296875,-0.14566436056242196
708,0.00021254418997848138,0.69140625,-0.144403372769204
709,0.0002128443936366431,0.6923828125,-0.14314238497598591
710,0.00021314459729480478,0.693359375,-0.14188139718276796
711,0.0002134448009529665,0.6943359375,-0.140640251918465
712,0.00021374500461112818,0.6953125,-0.1394040296428042
713,0.00021404520826928986,0.6962890625,-0.13816780736714343
714,0.00021434541192745158,0.697265625,-0.1369199224621678
715,0.00021464561558561326,0.6982421875,-0.1356588936818729
716,0.00021494581924377497,0.69921875,-0.13439786490157787
717,0.00021524602290193666,0.7001953125,-0.1331368333569507
718,0.00021554622656009837,0.701171875,-0.13187578469966932
719,0.00021584643021826006,0.7021484375,-0.13061473604238802
720,0.00021614663387642174,0.703125,-0.12935368738510675
721,0.00021644683753458346,0.7041015625,-0.12809262266722035
722,0.00021674704119274514,0.705078125,-0.12683155413295272
723,0.00021704724485090685,0.7060546875,-0.12557048559868494
724,0.00021734744850906854,0.70703125,-0.12429758673587704
725,0.00021764765216723022,0.7080078125,-0.12301171293007945
726,0.00021794785582539194,0.708984375,-0.12172583912428175
727,0.00021824805948355362,0.7099609375,-0.12043634732079989
728,0.00021854826314171534,0.7109375,-0.11912566824347226
729,0.00021884846679987702,0.7119140625,-0.11781498916614475
730,0.00021914867045803873,0.712890625,-0.1165043100888171
731,0.00021944887411620042,0.7138671875,-0.11519361481603912
732,0.0002197490777743621,0.71484375,-0.11388291586172525
733,0.00022004928143252382,0.7158203125,-0.11257221690741125
734,0.0002203494850906855,0.716796875,-0.11124951874912775
735,0.00022064968874884722,0.7177734375,-0.10991401329017961
736,0.0002209498924070089,0.71875,-0.10857850783123157
737,0.00022125009606517059,0.7197265625,-0.10724299933826036
738,0.0002215502997233323,0.720703125,-0.10590747400232585
739,0.00022185050338149398,0.7216796875,-0.10457194866639145
740,0.0002221507070396557,0.72265625,-0.10323642333045693
741,0.00022245091069781738,0.7236328125,-0.10190088166422662
742,0.0002227511143559791,0.724609375,-0.10056533645130573
743,0.00022305131801414078,0.7255859375,-0.09922979123838496
744,0.00022335152167230247,0.7265625,-0.0978942362758819
745,0.00022365172533046418,0.7275390625,-0.09655867118597464
746,0.00022395192898862586,0.728515625,-0.09522310609606749
747,0.00022425213264678758,0.7294921875,-0.09388753783729156
748,0.00022455233630494926,0.73046875,-0.09255195287039805
749,0.00022485253996311098,0.7314453125,-0.09121636790350443
750,0.00022515274362127266,0.732421875,-0.08988078293661092
751,0.00022545294727943435,0.7333984375,-0.088545181504576
752,0.00022575315093759606,0.734375,-0.08720957666069601
753,0.00022605335459575774,0.7353515625,-0.08587397181681612
754,0.00022635355825391946,0.736328125,-0.08455068298270502
755,0.00022665376191208114,0.7373046875,-0.08323984488948653
756,0.00022695396557024283,0.73828125,-0.08192900679626805
757,0.00022725416922840454,0.7392578125,-0.0806140456635272
758,0.00022755437288656623,0.740234375,-0.07927840106567459
759,0.00022785457654472794,0.7412109375,-0.07794275646782185
760,0.00022815478020288962,0.7421875,-0.07660711186996923
761,0.00022845498386105134,0.7431640625,-0.07525075046706235
762,0.00022875518751921302,0.744140625,-0.07389029936457558
763,0.0002290553911773747,0.7451171875,-0.07252984826208883
764,0.00022935559483553642,0.74609375,-0.07118188118700733
765,0.0002296557984936981,0.7470703125,-0.06984619683518198
766,0.00022995600215185982,0.748046875,-0.06851051248335649
767,0.0002302562058100215,0.7490234375,-0.06717482469297151
768,0.0002305564094681832,0.75,-0.06583912046415978
769,0.0002308566131263449,0.7509765625,-0.06450341623534793
770,0.0002311568167845066,0.751953125,-0.06316771200653619
771,0.0002314570204426683,0.7529296875,-0.06183199104289197
772,0.00023175722410082999,0.75390625,-0.06049626693709387
773,0.0002320574277589917,0.7548828125,-0.05916054283129564
774,0.00023235763141715338,0.755859375,-0.057824808571378804
775,0.00023265783507531507,0.7568359375,-0.05648906458859433
776,0.00023295803873347678,0.7578125,-0.055153320605809734
777,0.00023325824239163847,0.7587890625,-0.05381311700884813
778,0.00023355844604980018,0.759765625,-0.05245256652142939
779,0.00023385864970796187,0.7607421875,-0.051092016034010784
780,0.00023415885336612358,0.76171875,-0.04973146554659205
781,0.00023445905702428526,0.7626953125,-0.048370898189495595
782,0.00023475926068244695,0.763671875,-0.04701032782509062
783,0.00023505946434060866,0.7646484375,-0.04564975746068552
784,0.00023535966799877035,0.765625,-0.04430200715895889
785,0.00023565987165693206,0.7666015625,-0.04296620354521519
786,0.00023596007531509374,0.767578125,-0.0416303999314716
787,0.00023626027897325543,0.7685546875,-0.040299216802731394
788,0.00023656048263141714,0.76953125,-0.03898817993964908
789,0.00023686068628957883,0.7705078125,-0.03767714307656689
790,0.00023716088994774054,0.771484375,-0.03636610621348458
791,0.00023746109360590223,0.7724609375,-0.03503384768336592
792,0.00023776129726406394,0.7734375,-0.03369800431564947
793,0.00023806150092222562,0.7744140625,-0.03236216094793314
794,0.0002383617045803873,0.775390625,-0.03101330865228259
795,0.00023866190823854902,0.7763671875,-0.029652658779932
796,0.0002389621118967107,0.77734375,-0.028292008907581535
797,0.00023926231555487242,0.7783203125,-0.026931355192134892
798,0.0002395625192130341,0.779296875,-0.025570685442798058
799,0.00023986272287119582,0.7802734375,-0.024210015693461095
800,0.0002401629265293575,0.78125,-0.02284934594412426
801,0.0002404631301875192,0.7822265625,-0.02148865905541863
802,0.0002407633338456809,0.783203125,-0.0201279694290953
803,0.0002410635375038426,0.7841796875,-0.01876727980277209
804,0.0002413637411620043,0.78515625,-0.0174065796177936
805,0.00024166394482016599,0.7861328125,-0.01604587011448402
806,0.00024196414847832767,0.787109375,-0.014685160611174442
807,0.00024226435213648938,0.7880859375,-0.0133294076281411
808,0.00024256455579465107,0.7890625,-0.011993464875492917
809,0.00024286475945281278,0.7900390625,-0.01065752212284461
810,0.00024316496311097447,0.791015625,-0.009321579370196426
811,0.00024346516676913618,0.7919921875,-0.008007160310810932
812,0.00024376537042729787,0.79296875,-0.006695984308824143
813,0.00024406557408545955,0.7939453125,-0.005384808306837352
814,0.00024436577774362126,0.794921875,-0.004073621611349808
815,0.00024466598140178295,0.7958984375,-0.002762425732376647
816,0.00024496618505994464,0.796875,-0.0014512298534034855
817,0.0002452663887181064,0.7978515625,-0.00014515825719888285
818,0.00024556659237626806,0.798828125,0.0011412721042170899
819,0.00024586679603442975,0.7998046875,0.0024277024656330624
820,0.00024616699969259143,0.80078125,0.003714132827049035
821,0.0002464672033507531,0.8017578125,0.00500058059752475
822,0.00024676740700891486,0.802734375,0.006287030835927326
823,0.00024706761066707654,0.8037109375,0.007573481074329669
824,0.00024736781432523823,0.8046875,0.008859942141078124
825,0.0002476680179833999,0.8056640625,0.01014641225646684
826,0.0002479682216415616,0.806640625,0.011432882371855553
827,0.00024826842529972334,0.8076171875,0.012708763392022775
828,0.000248568628957885,0.80859375,0.013945681362206535
829,0.0002488688326160467,0.8095703125,0.015182599332390296
830,0.0002491690362742084,0.810546875,0.016419517302574058
831,0.0002494692399323701,0.8115234375,0.017634575544222066
832,0.0002497694435905318,0.8125,0.018846726763744652
833,0.0002500696472486935,0.8134765625,0.020058877983267016
834,0.0002503698509068552,0.814453125,0.02127104016598097
835,0.0002506700545650169,0.8154296875,0.022483211262489707
836,0.0002509702582231786,0.81640625,0.023695382358998665
837,0.0002512704618813403,0.8173828125,0.024902093154196385
838,0.000251570665539502,0.818359375,0.026089498733147934
839,0.00025187086919766367,0.8193359375,0.027276904312099483
840,0.00025217107285582536,0.8203125,0.028464309891051028
841,0.0002524712765139871,0.8212890625,0.029629688820563292
842,0.0002527714801721488,0.822265625,0.030792328881957657
843,0.00025307168383031047,0.8232421875,0.03195496894335202
844,0.00025337188748847215,0.82421875,0.03311762010278344
845,0.00025367209114663384,0.8251953125,0.03428028004116417
846,0.0002539722948047956,0.826171875,0.03544293997954511
847,0.00025427249846295726,0.8271484375,0.036605604435249274
848,0.00025457270212111895,0.828125,0.037768284250616374
849,0.00025487290577928064,0.8291015625,0.03893096406598348
850,0.0002551731094374423,0.830078125,0.04009364388135059
851,0.00025547331309560406,0.8310546875,0.04123412793290916
852,0.00025577351675376575,0.83203125,0.04237204099761487
853,0.00025607372041192743,0.8330078125,0.04350995406232058
854,0.0002563739240700891,0.833984375,0.04464787835990883
855,0.00025667412772825086,0.8349609375,0.04578581130160111
856,0.00025697433138641254,0.8359375,0.04692374424329319
857,0.00025727453504457423,0.8369140625,0.04806168183715417
858,0.0002575747387027359,0.837890625,0.04919963465583262
859,0.0002578749423608976,0.8388671875,0.05033758747451107
860,0.00025817514601905934,0.83984375,0.05147554029318973
861,0.000258475349677221,0.8408203125,0.05259112933042295
862,0.0002587755533353827,0.841796875,0.05370431539844001
863,0.0002590757569935444,0.8427734375,0.054817501466457065
864,0.0002593759606517061,0.84375,0.055916524035921074
865,0.0002596761643098678,0.8447265625,0.05700494458638114
866,0.0002599763679680295,0.845703125,0.05809336513684101
867,0.0002602765716261912,0.8466796875,0.059175821358176534
868,0.0002605767752843529,0.84765625,0.06023947639107921
869,0.00026087697894251456,0.8486328125,0.06130313142398189
870,0.0002611771826006763,0.849609375,0.06236678645688476
871,0.000261477386258838,0.8505859375,0.06343045957307455
872,0.0002617775899169997,0.8515625,0.06449413448296361
873,0.00026207779357516136,0.8525390625,0.06555780939285265
874,0.0002623779972333231,0.853515625,0.06662149580531539
875,0.0002626782008914848,0.8544921875,0.06768519059219082
876,0.00026297840454964647,0.85546875,0.06874888537906623
877,0.00026327860820780816,0.8564453125,0.06980644752220987
878,0.00026357881186596984,0.857421875,0.07084537555842389
879,0.0002638790155241316,0.8583984375,0.07188430359463811
880,0.00026417921918229327,0.859375,0.07292323163085213
881,0.00026447942284045495,0.8603515625,0.07393945985034796
882,0.00026477962649861664,0.861328125,0.0749536211359006
883,0.0002650798301567783,0.8623046875,0.07596778242145323
884,0.00026538003381494006,0.86328125,0.07698195534442501
885,0.00026568023747310175,0.8642578125,0.077996136506964
886,0.00026598044113126343,0.865234375,0.079010317669503
887,0.0002662806447894251,0.8662109375,0.08002450388874735
888,0.0002665808484475868,0.8671875,0.08103870492827271
889,0.00026688105210574854,0.8681640625,0.08205290596779827
890,0.00026718125576391023,0.869140625,0.08306710700732364
891,0.0002674814594220719,0.8701171875,0.08405844135105398
892,0.0002677816630802336,0.87109375,0.08504787687302216
893,0.0002680818667383953,0.8720703125,0.08603731239499035
894,0.000268382070396557,0.873046875,0.08701208039059236
895,0.0002686822740547187,0.8740234375,0.08797675039500336
896,0.0002689824777128804,0.875,0.08894142039941436
897,0.0002692826813710421,0.8759765625,0.08990609559537616
898,0.0002695828850292038,0.876953125,0.0908707854767737
899,0.0002698830886873655,0.8779296875,0.09183547535817106
900,0.0002701832923455272,0.87890625,0.09280016523956842
901,0.0002704834960036889,0.8798828125,0.09374181926897462
902,0.00027078369966185056,0.880859375,0.0946817423997106
903,0.0002710839033200123,0.8818359375,0.09562166553044675
904,0.000271384106978174,0.8828125,0.09654675238686651
905,0.0002716843106363357,0.8837890625,0.0974619087669411
906,0.00027198451429449736,0.884765625,0.09837706514701568
907,0.00027228471795265905,0.8857421875,0.09929222685348654
908,0.0002725849216108208,0.88671875,0.10020740311054765
909,0.00027288512526898247,0.8876953125,0.1011225793676086
910,0.00027318532892714416,0.888671875,0.10203775562466956
911,0.00027348553258530584,0.8896484375,0.10292972916739324
912,0.0002737857362434675,0.890625,0.103820139906897
913,0.00027408593990162927,0.8916015625,0.10471055064640092
914,0.00027438614355979095,0.892578125,0.10557094150708801
915,0.00027468634721795264,0.8935546875,0.10641180010138682
916,0.0002749865508761143,0.89453125,0.10725265869568562
917,0.00027528675453427606,0.8955078125,0.10808671257570687
918,0.00027558695819243775,0.896484375,0.10890280441934429
919,0.00027588716185059943,0.8974609375,0.1097188962629817
920,0.0002761873655087611,0.8984375,0.11053498810661912
921,0.0002764875691669228,0.8994140625,0.11132770922664816
922,0.00027678777282508454,0.900390625,0.11211903555272852
923,0.00027708797648324623,0.9013671875,0.11291036187880875
924,0.0002773881801414079,0.90234375,0.11367133216431924
925,0.0002776883837995696,0.9033203125,0.11441310634519451
926,0.0002779885874577313,0.904296875,0.11515488052606979
927,0.000278288791115893,0.9052734375,0.11588968197503098
928,0.0002785889947740547,0.90625,0.11660668940524486
929,0.0002788891984322164,0.9072265625,0.11732369683545875
930,0.0002791894020903781,0.908203125,0.11804070426567262
931,0.00027948960574853977,0.9091796875,0.118734172963007
932,0.0002797898094067015,0.91015625,0.11942641487566381
933,0.0002800900130648632,0.9111328125,0.1201186567883205
934,0.0002803902167230249,0.912109375,0.12079555913752639
935,0.00028069042038118656,0.9130859375,0.1214630355326259
936,0.0002809906240393483,0.9140625,0.12213051192772552
937,0.00028129082769751,0.9150390625,0.12279084757327431
938,0.0002815910313556717,0.916015625,0.12343355721771242
939,0.00028189123501383336,0.9169921875,0.12407626686215052
940,0.00028219143867199505,0.91796875,0.12471897650658864
941,0.0002824916423301568,0.9189453125,0.12533797822848972
942,0.00028279184598831847,0.919921875,0.12595592112226642
943,0.00028309204964648016,0.9208984375,0.12657386401604315
944,0.00028339225330464184,0.921875,0.12719181935631166
945,0.00028369245696280353,0.9228515625,0.12780978212707475
946,0.00028399266062096527,0.923828125,0.12842774489783793
947,0.00028429286427912695,0.9248046875,0.12904571353437921
948,0.00028459306793728864,0.92578125,0.12966369618212867
949,0.0002848932715954503,0.9267578125,0.13028167882987812
950,0.000285193475253612,0.927734375,0.13089966147762755
951,0.00028549367891177375,0.9287109375,0.13146987427173093
952,0.00028579388256993543,0.9296875,0.13203830477427544
953,0.0002860940862280971,0.9306640625,0.13260673527681993
954,0.0002863942898862588,0.931640625,0.13315949019737144
955,0.00028669449354442055,0.9326171875,0.13370315518235884
956,0.00028699469720258223,0.93359375,0.13424682016734615
957,0.0002872949008607439,0.9345703125,0.13479797393840445
958,0.0002875951045189056,0.935546875,0.1353664454280259
959,0.0002878953081770673,0.9365234375,0.13593491691764734
960,0.00028819551183522903,0.9375,0.1365033884072689
961,0.0002884957154933907,0.9384765625,0.13704781593908025
962,0.0002887959191515524,0.939453125,0.1375915206780403
963,0.0002890961228097141,0.9404296875,0.13813522541700035
964,0.00028939632646787577,0.94140625,0.13864722946837837
965,0.0002896965301260375,0.9423828125,0.13914138206213358
966,0.0002899967337841992,0.943359375,0.13963553465588868
967,0.0002902969374423609,0.9443359375,0.14012204282780835
968,0.00029059714110052257,0.9453125,0.14059142990400628
969,0.00029089734475868425,0.9462890625,0.1410608169802042
970,0.000291197548416846,0.947265625,0.14153020405640218
971,0.0002914977520750077,0.9482421875,0.14197537915715353
972,0.00029179795573316936,0.94921875,0.14241999948269005
973,0.00029209815939133105,0.9501953125,0.14286461980822657
974,0.0002923983630494928,0.951171875,0.14329322773599154
975,0.00029269856670765447,0.9521484375,0.14371308131086666
976,0.00029299877036581616,0.953125,0.14413293488574178
977,0.00029329897402397784,0.9541015625,0.14454497602951036
978,0.00029359917768213953,0.955078125,0.1449400640868283
979,0.00029389938134030127,0.9560546875,0.1453351521441463
980,0.00029419958499846295,0.95703125,0.14573024020146425
981,0.00029449978865662464,0.9580078125,0.14607654991987673
982,0.0002947999923147863,0.958984375,0.1464220858319897
983,0.000295100195972948,0.9599609375,0.1467676217441027
984,0.00029540039963110975,0.9609375,0.1470969772408076
985,0.00029570060328927144,0.9619140625,0.1474177464022592
986,0.0002960008069474331,0.962890625,0.1477385155637108
987,0.0002963010106055948,0.9638671875,0.14805929113032246
988,0.0002966012142637565,0.96484375,0.14838008016876042
989,0.00029690141792191823,0.9658203125,0.14870086920719844
990,0.0002972016215800799,0.966796875,0.1490216582456364
991,0.0002975018252382416,0.9677734375,0.14931790049556823
992,0.0002978020288964033,0.96875,0.149613924016449
993,0.000298102232554565,0.9697265625,0.14990994753732975
994,0.0002984024362127267,0.970703125,0.15017326221095623
995,0.0002987026398708884,0.9716796875,0.15041973407987372
996,0.0002990028435290501,0.97265625,0.1506662059487912
997,0.00029930304718721177,0.9736328125,0.15090452912462743
998,0.0002996032508453735,0.974609375,0.15112623473612524
999,0.0002999034545035352,0.9755859375,0.15134794034762303
1000,0.0003002036581616969,0.9765625,0.1515696459591208
1001,0.00030050386181985857,0.9775390625,0.15179137140689689
1002,0.00030080406547802025,0.978515625,0.15201309689538103
1003,0.000301104269136182,0.9794921875,0.15223482238386524
1004,0.0003014044727943437,0.98046875,0.1524400318328346
1005,0.00030170467645250536,0.9814453125,0.15263699118720947
1006,0.00030200488011066705,0.982421875,0.15283395054158433
1007,0.00030230508376882873,0.9833984375,0.15301426988918218
1008,0.0003026052874269905,0.984375,0.15316167709835213
1009,0.00030290549108515216,0.9853515625,0.15330908430752202
1010,0.00030320569474331384,0.986328125,0.1534563742242808
1011,0.00030350589840147553,0.9873046875,0.1535790152993414
1012,0.0003038061020596372,0.98828125,0.15370165637440203
1013,0.00030410630571779895,0.9892578125,0.15382429744946266
1014,0.00030440650937596064,0.990234375,0.15394695191493343
1015,0.0003047067130341223,0.9912109375,0.15406961286698043
1016,0.000305006916692284,0.9921875,0.15419227381902742
1017,0.00030530712035044575,0.9931640625,0.1542979586025443
1018,0.00030560732400860744,0.994140625,0.15437106740938636
1019,0.0003059075276667691,0.9951171875,0.15444417621622838
1020,0.0003062077313249308,0.99609375,0.15451671418235763
1021,0.0003065079349830925,0.9970703125,0.15454027084399471
1022,0.00030680813864125423,0.998046875,0.15456382750563183
1023,0.0003071083422994159,0.9990234375,0.1545873841672689
