sample_id,condition_group_id,core_id,repeat_id,candidate_frequency_hz,frequency_hz,vin_rms_v,predicted_efficiency_percent,predicted_P_loss,predicted_LSP_raw,predicted_LSP_std_raw,qc_status,qc_warning_reasons
session_20260802_075729_COMMERCIAL_F1000_V3p9_R04_20260802_080355_983990,F1000_V3p9_RL49p6025_SINE,COMMERCIAL,4,1000.0,1004.7,3.999906812023569,49.82573699951172,0.2819672226905823,0.6840257048606873,0.03234716191699878,WARNING,TEMPERATURE_CALIBRATION_PENDING;VIN_REFERENCE_DRIFT;VIN_SCOPE1_SCOPE2_MISMATCH
session_20260802_070352_FE_F1000_V3p9_R01_20260802_071011_988727,F1000_V3p9_RL49p6025_SINE,FE,1,1000.0,1002.8,3.9312596546660203,68.57461547851562,0.15445983409881592,0.6051943302154541,0.029322227962712253,WARNING,TEMPERATURE_CALIBRATION_PENDING;VIN_SCOPE1_SCOPE2_MISMATCH
session_20260802_070352_FE_F1000_V3p9_R02_20260802_071015_795134,F1000_V3p9_RL49p6025_SINE,FE,2,1000.0,1003.8,3.936541396187271,68.83275604248047,0.14691998064517975,0.6295136213302612,0.028235507006909247,WARNING,TEMPERATURE_CALIBRATION_PENDING;VIN_SCOPE1_SCOPE2_MISMATCH
session_20260802_070352_FE_F1000_V3p9_R03_20260802_071019_617140,F1000_V3p9_RL49p6025_SINE,FE,3,1000.0,1004.8,3.935002461047991,68.8469467163086,0.14672769606113434,0.6282255053520203,0.028761082490288956,WARNING,TEMPERATURE_CALIBRATION_PENDING;VIN_SCOPE1_SCOPE2_MISMATCH
session_20260802_070352_FE_F1000_V3p9_R04_20260802_071023_439147,F1000_V3p9_RL49p6025_SINE,FE,4,1000.0,1003.8,3.937938053402631,68.66548919677734,0.15392084419727325,0.6019285321235657,0.0291609230241774,WARNING,TEMPERATURE_CALIBRATION_PENDING;VIN_SCOPE1_SCOPE2_MISMATCH
session_20260802_070352_FE_F1000_V3p9_R05_20260802_071027_245554,F1000_V3p9_RL49p6025_SINE,FE,5,1000.0,1005.0,3.9359354472542787,68.3449935913086,0.15405122935771942,0.6241360306739807,0.028893820488687303,WARNING,TEMPERATURE_CALIBRATION_PENDING;VIN_SCOPE1_SCOPE2_MISMATCH
session_20260802_075729_COMMERCIAL_F1250_V3p9_R01_20260802_080317_841923,F1250_V3p9_RL49p6025_SINE,COMMERCIAL,1,1250.0,1251.7,3.9742415151320682,51.412723541259766,0.2809417247772217,0.6648054122924805,0.030376022507535898,WARNING,TEMPERATURE_CALIBRATION_PENDING;VIN_REFERENCE_DRIFT;VIN_SCOPE1_SCOPE2_MISMATCH
session_20260802_075729_COMMERCIAL_F1250_V3p9_R02_20260802_080321_632729,F1250_V3p9_RL49p6025_SINE,COMMERCIAL,2,1250.0,1252.3,3.9881126310410364,51.119178771972656,0.2958582639694214,0.6508195400238037,0.03180815207898984,WARNING,TEMPERATURE_CALIBRATION_PENDING;VIN_REFERENCE_DRIFT;VIN_SCOPE1_SCOPE2_MISMATCH
session_20260802_075729_COMMERCIAL_F1250_V3p9_R03_20260802_080325_454736,F1250_V3p9_RL49p6025_SINE,COMMERCIAL,3,1250.0,1253.9,3.9878758402590746,52.073204040527344,0.27376312017440796,0.6753152012825012,0.029810855849689663,WARNING,TEMPERATURE_CALIBRATION_PENDING;VIN_REFERENCE_DRIFT;VIN_SCOPE1_SCOPE2_MISMATCH
session_20260802_075729_COMMERCIAL_F1250_V3p9_R04_20260802_080329_261143,F1250_V3p9_RL49p6025_SINE,COMMERCIAL,4,1250.0,1252.0,3.981702643661798,50.59629821777344,0.2937140464782715,0.6551952362060547,0.032273868786637336,WARNING,TEMPERATURE_CALIBRATION_PENDING;VIN_REFERENCE_DRIFT;VIN_SCOPE1_SCOPE2_MISMATCH
session_20260802_075729_COMMERCIAL_F1250_V3p9_R05_20260802_080333_067549,F1250_V3p9_RL49p6025_SINE,COMMERCIAL,5,1250.0,1254.1,3.9884410742375165,51.027442932128906,0.29688379168510437,0.6527416110038757,0.03186604947300461,WARNING,TEMPERATURE_CALIBRATION_PENDING;VIN_REFERENCE_DRIFT;VIN_SCOPE1_SCOPE2_MISMATCH
session_20260802_070352_FE_F1250_V3p9_R01_20260802_070945_265880,F1250_V3p9_RL49p6025_SINE,FE,1,1250.0,1251.1,3.911392057843491,72.61690521240234,0.11038024723529816,0.5974525213241577,0.031982116453260226,WARNING,TEMPERATURE_CALIBRATION_PENDING;VIN_SCOPE1_SCOPE2_MISMATCH
session_20260802_070352_FE_F1250_V3p9_R02_20260802_070949_103487,F1250_V3p9_RL49p6025_SINE,FE,2,1250.0,1254.5,3.915146429129011,72.7086410522461,0.11933017522096634,0.5544726848602295,0.02987928220100861,WARNING,TEMPERATURE_CALIBRATION_PENDING;VIN_SCOPE1_SCOPE2_MISMATCH
session_20260802_070352_FE_F1250_V3p9_R03_20260802_070952_894293,F1250_V3p9_RL49p6025_SINE,FE,3,1250.0,1252.7,3.913992434614002,71.78213500976562,0.12233678996562958,0.5586438775062561,0.03179369207673639,WARNING,TEMPERATURE_CALIBRATION_PENDING;VIN_SCOPE1_SCOPE2_MISMATCH
session_20260802_070352_FE_F1250_V3p9_R04_20260802_070956_731900,F1250_V3p9_RL49p6025_SINE,FE,4,1250.0,1253.6,3.911432771919866,71.87157440185547,0.12077521532773972,0.5746948719024658,0.027846943547557734,WARNING,TEMPERATURE_CALIBRATION_PENDING;VIN_SCOPE1_SCOPE2_MISMATCH
session_20260802_070352_FE_F1250_V3p9_R05_20260802_071000_553907,F1250_V3p9_RL49p6025_SINE,FE,5,1250.0,1253.4,3.912368748470658,71.61701202392578,0.12305931746959686,0.5749607086181641,0.03143401870893968,WARNING,TEMPERATURE_CALIBRATION_PENDING;VIN_SCOPE1_SCOPE2_MISMATCH
session_20260802_075729_COMMERCIAL_F1500_V3p9_R01_20260802_080251_103476,F1500_V3p9_RL49p6025_SINE,COMMERCIAL,1,1500.0,1505.3,4.063898635769096,51.58701705932617,0.28289952874183655,0.6695082187652588,0.03186604947300461,WARNING,TEMPERATURE_CALIBRATION_PENDING;VIN_REFERENCE_DRIFT;VIN_SCOPE1_SCOPE2_MISMATCH
session_20260802_075729_COMMERCIAL_F1500_V3p9_R02_20260802_080254_909882,F1500_V3p9_RL49p6025_SINE,COMMERCIAL,2,1500.0,1503.5,4.049891946546004,50.13762664794922,0.2948327660560608,0.6681995987892151,0.03337317809160682,WARNING,TEMPERATURE_CALIBRATION_PENDING;VIN_REFERENCE_DRIFT;VIN_SCOPE1_SCOPE2_MISMATCH
session_20260802_075729_COMMERCIAL_F1500_V3p9_R03_20260802_080258_747489,F1500_V3p9_RL49p6025_SINE,COMMERCIAL,3,1500.0,1503.8,4.058474240403567,51.669578552246094,0.28504377603530884,0.6778506636619568,0.032113125105401055,WARNING,TEMPERATURE_CALIBRATION_PENDING;VIN_REFERENCE_DRIFT;VIN_SCOPE1_SCOPE2_MISMATCH
session_20260802_075729_COMMERCIAL_F1500_V3p9_R04_20260802_080302_569496,F1500_V3p9_RL49p6025_SINE,COMMERCIAL,4,1500.0,1506.0,4.067449852348227,50.8531494140625,0.2811281681060791,0.6716347336769104,0.032849331950799934,WARNING,TEMPERATURE_CALIBRATION_PENDING;VIN_REFERENCE_DRIFT;VIN_SCOPE1_SCOPE2_MISMATCH
session_20260802_075729_COMMERCIAL_F1500_V3p9_R05_20260802_080306_375903,F1500_V3p9_RL49p6025_SINE,COMMERCIAL,5,1500.0,1504.7,4.052418624739855,50.90818786621094,0.2901713252067566,0.6735976934432983,0.03259742396005484,WARNING,TEMPERATURE_CALIBRATION_PENDING;VIN_REFERENCE_DRIFT;VIN_SCOPE1_SCOPE2_MISMATCH
session_20260802_070352_FE_F1500_V3p9_R01_20260802_070918_574233,F1500_V3p9_RL49p6025_SINE,FE,1,1500.0,1502.4,3.976355658833709,73.64431762695312,0.10590527951717377,0.5772507786750793,0.02604764315154917,WARNING,TEMPERATURE_CALIBRATION_PENDING;VIN_REFERENCE_DRIFT;VIN_SCOPE1_SCOPE2_MISMATCH
session_20260802_070352_FE_F1500_V3p9_R02_20260802_070922_396240,F1500_V3p9_RL49p6025_SINE,FE,2,1500.0,1502.4,3.97496577558593,73.92411041259766,0.10194306820631027,0.5934807062149048,0.028734599351567105,WARNING,TEMPERATURE_CALIBRATION_PENDING;VIN_REFERENCE_DRIFT;VIN_SCOPE1_SCOPE2_MISMATCH
session_20260802_070352_FE_F1500_V3p9_R03_20260802_070926_202647,F1500_V3p9_RL49p6025_SINE,FE,3,1500.0,1502.4,3.9784882737636167,72.65589141845703,0.11445899307727814,0.5906743407249451,0.029647190103772033,WARNING,TEMPERATURE_CALIBRATION_PENDING;VIN_REFERENCE_DRIFT;VIN_SCOPE1_SCOPE2_MISMATCH
session_20260802_070352_FE_F1500_V3p9_R04_20260802_070930_024653,F1500_V3p9_RL49p6025_SINE,FE,4,1500.0,1501.3,3.972163941730551,73.06181335449219,0.1103336289525032,0.5921260714530945,0.02631558122540646,WARNING,TEMPERATURE_CALIBRATION_PENDING;VIN_REFERENCE_DRIFT;VIN_SCOPE1_SCOPE2_MISMATCH
session_20260802_070352_FE_F1500_V3p9_R05_20260802_070933_846660,F1500_V3p9_RL49p6025_SINE,FE,5,1500.0,1502.4,3.9748074628749466,73.3370132446289,0.10786307603120804,0.5783958435058594,0.025902537123693788,WARNING,TEMPERATURE_CALIBRATION_PENDING;VIN_REFERENCE_DRIFT;VIN_SCOPE1_SCOPE2_MISMATCH
session_20260802_075729_COMMERCIAL_F1750_V3p9_R01_20260802_080224_209028,F1750_V3p9_RL49p6025_SINE,COMMERCIAL,1,1750.0,1755.0,4.0968139679985605,52.265846252441406,0.25315964221954346,0.7077443599700928,0.03503418484439967,WARNING,TEMPERATURE_CALIBRATION_PENDING;VIN_REFERENCE_DRIFT;VIN_SCOPE1_SCOPE2_MISMATCH
session_20260802_075729_COMMERCIAL_F1750_V3p9_R02_20260802_080228_015435,F1750_V3p9_RL49p6025_SINE,COMMERCIAL,2,1750.0,1754.4,4.098075122173625,50.495391845703125,0.2721782326698303,0.7155143022537231,0.03293863614649616,WARNING,TEMPERATURE_CALIBRATION_PENDING;VIN_REFERENCE_DRIFT;VIN_SCOPE1_SCOPE2_MISMATCH
session_20260802_075729_COMMERCIAL_F1750_V3p9_R03_20260802_080231_837442,F1750_V3p9_RL49p6025_SINE,COMMERCIAL,3,1750.0,1755.0,4.094592907594147,52.71533966064453,0.25782105326652527,0.7160868048667908,0.031577467102769936,WARNING,TEMPERATURE_CALIBRATION_PENDING;VIN_REFERENCE_DRIFT;VIN_SCOPE1_SCOPE2_MISMATCH
session_20260802_075729_COMMERCIAL_F1750_V3p9_R04_20260802_080235_659449,F1750_V3p9_RL49p6025_SINE,COMMERCIAL,4,1750.0,1755.9,4.0915398675699075,53.35747146606445,0.2572616934776306,0.7207487225532532,0.03104951991747328,WARNING,TEMPERATURE_CALIBRATION_PENDING;VIN_REFERENCE_DRIFT;VIN_SCOPE1_SCOPE2_MISMATCH
session_20260802_075729_COMMERCIAL_F1750_V3p9_R05_20260802_080239_465855,F1750_V3p9_RL49p6025_SINE,COMMERCIAL,5,1750.0,1757.2,4.090043011255128,51.69709777832031,0.26015177369117737,0.7152689099311829,0.03120567428443601,WARNING,TEMPERATURE_CALIBRATION_PENDING;VIN_REFERENCE_DRIFT;VIN_SCOPE1_SCOPE2_MISMATCH
session_20260802_070352_FE_F1750_V3p9_R01_20260802_070851_866986,F1750_V3p9_RL49p6025_SINE,FE,1,1750.0,1756.2,4.0211588827587805,77.02928161621094,0.07728413492441177,0.6565447449684143,0.03080952275602217,WARNING,TEMPERATURE_CALIBRATION_PENDING;VIN_REFERENCE_DRIFT;VIN_SCOPE1_SCOPE2_MISMATCH
session_20260802_070352_FE_F1750_V3p9_R02_20260802_070855_673393,F1750_V3p9_RL49p6025_SINE,FE,2,1750.0,1755.9,4.01896005686397,77.91451263427734,0.07294901460409164,0.6525779962539673,0.028079506493711454,WARNING,TEMPERATURE_CALIBRATION_PENDING;VIN_REFERENCE_DRIFT;VIN_SCOPE1_SCOPE2_MISMATCH
session_20260802_070352_FE_F1750_V3p9_R03_20260802_070859_495400,F1750_V3p9_RL49p6025_SINE,FE,3,1750.0,1755.9,4.021042997532448,76.91461944580078,0.07742398232221603,0.6144134402275085,0.028576152556764576,WARNING,TEMPERATURE_CALIBRATION_PENDING;VIN_REFERENCE_DRIFT;VIN_SCOPE1_SCOPE2_MISMATCH
session_20260802_070352_FE_F1750_V3p9_R04_20260802_070903_286206,F1750_V3p9_RL49p6025_SINE,FE,4,1750.0,1757.2,4.016833908052864,76.70821380615234,0.07854272425174713,0.6402484178543091,0.029053821224971004,WARNING,TEMPERATURE_CALIBRATION_PENDING;VIN_REFERENCE_DRIFT;VIN_SCOPE1_SCOPE2_MISMATCH
session_20260802_070352_FE_F1750_V3p9_R05_20260802_070907_123813,F1750_V3p9_RL49p6025_SINE,FE,5,1750.0,1757.5,4.020435283167351,77.45584106445312,0.077657051384449,0.6350548267364502,0.02666018867355463,WARNING,TEMPERATURE_CALIBRATION_PENDING;VIN_REFERENCE_DRIFT;VIN_SCOPE1_SCOPE2_MISMATCH
session_20260802_075729_COMMERCIAL_F2000_V3p9_R01_20260802_080157_486182,F2000_V3p9_RL49p6025_SINE,COMMERCIAL,1,2000.0,2003.2,4.051745850025067,54.806861877441406,0.250782310962677,0.6424975991249084,0.03176478851997961,WARNING,TEMPERATURE_CALIBRATION_PENDING;VIN_REFERENCE_DRIFT;VIN_SCOPE1_SCOPE2_MISMATCH
session_20260802_075729_COMMERCIAL_F2000_V3p9_R02_20260802_080201_308188,F2000_V3p9_RL49p6025_SINE,COMMERCIAL,2,2000.0,2004.8,4.046496355355608,55.99939727783203,0.21600809693336487,0.665786862373352,0.027590554114405214,WARNING,TEMPERATURE_CALIBRATION_PENDING;VIN_REFERENCE_DRIFT;VIN_SCOPE1_SCOPE2_MISMATCH
session_20260802_075729_COMMERCIAL_F2000_V3p9_R03_20260802_080205_130195,F2000_V3p9_RL49p6025_SINE,COMMERCIAL,3,2000.0,2002.0,4.052928099866143,54.43992614746094,0.22798794507980347,0.6677906513214111,0.029295289678452838,WARNING,TEMPERATURE_CALIBRATION_PENDING;VIN_REFERENCE_DRIFT;VIN_SCOPE1_SCOPE2_MISMATCH
session_20260802_075729_COMMERCIAL_F2000_V3p9_R04_20260802_080208_936602,F2000_V3p9_RL49p6025_SINE,COMMERCIAL,4,2000.0,2002.8,4.059994989273776,55.96269989013672,0.22752180695533752,0.666563868522644,0.029647190103772033,WARNING,TEMPERATURE_CALIBRATION_PENDING;VIN_REFERENCE_DRIFT;VIN_SCOPE1_SCOPE2_MISMATCH
session_20260802_075729_COMMERCIAL_F2000_V3p9_R05_20260802_080212_758608,F2000_V3p9_RL49p6025_SINE,COMMERCIAL,5,2000.0,2001.2,4.054292958093079,55.03619384765625,0.24765916168689728,0.6444196105003357,0.03106368702884587,WARNING,TEMPERATURE_CALIBRATION_PENDING;VIN_REFERENCE_DRIFT;VIN_SCOPE1_SCOPE2_MISMATCH
session_20260802_070352_FE_F2000_V3p9_R01_20260802_070825_159739,F2000_V3p9_RL49p6025_SINE,FE,1,2000.0,2002.8,3.991479510796208,72.44490814208984,0.10590527951717377,0.5538183450698853,0.026610712111105318,WARNING,TEMPERATURE_CALIBRATION_PENDING;VIN_REFERENCE_DRIFT;VIN_SCOPE1_SCOPE2_MISMATCH
session_20260802_070352_FE_F2000_V3p9_R02_20260802_070828_981746,F2000_V3p9_RL49p6025_SINE,FE,2,2000.0,2002.8,3.9901824268671153,72.19951629638672,0.10828260332345963,0.5505059361457825,0.026413627153803226,WARNING,TEMPERATURE_CALIBRATION_PENDING;VIN_REFERENCE_DRIFT;VIN_SCOPE1_SCOPE2_MISMATCH
session_20260802_070352_FE_F2000_V3p9_R03_20260802_070832_788153,F2000_V3p9_RL49p6025_SINE,FE,3,2000.0,2001.6,3.9865110730728786,71.72250366210938,0.11126591265201569,0.5466209650039673,0.026023408231519222,WARNING,TEMPERATURE_CALIBRATION_PENDING;VIN_REFERENCE_DRIFT;VIN_SCOPE1_SCOPE2_MISMATCH
session_20260802_070352_FE_F2000_V3p9_R04_20260802_070836_594559,F2000_V3p9_RL49p6025_SINE,FE,4,2000.0,2002.0,3.988802772211672,72.38069152832031,0.10996071994304657,0.5640623569488525,0.027058998289554013,WARNING,TEMPERATURE_CALIBRATION_PENDING;VIN_REFERENCE_DRIFT;VIN_SCOPE1_SCOPE2_MISMATCH
session_20260802_070352_FE_F2000_V3p9_R05_20260802_070840_400966,F2000_V3p9_RL49p6025_SINE,FE,5,2000.0,2002.4,3.9882667365607287,73.19940948486328,0.10268889367580414,0.5715255737304688,0.029187752554922886,WARNING,TEMPERATURE_CALIBRATION_PENDING;VIN_REFERENCE_DRIFT;VIN_SCOPE1_SCOPE2_MISMATCH
session_20260802_075729_COMMERCIAL_F2250_V3p9_R01_20260802_080130_778935,F2250_V3p9_RL49p6025_SINE,COMMERCIAL,1,2250.0,2257.8,4.023383947184867,57.02680969238281,0.2059394270181656,0.7231206297874451,0.027821208527165586,WARNING,TEMPERATURE_CALIBRATION_PENDING;VIN_REFERENCE_DRIFT;VIN_SCOPE1_SCOPE2_MISMATCH
session_20260802_075729_COMMERCIAL_F2250_V3p9_R02_20260802_080134_600941,F2250_V3p9_RL49p6025_SINE,COMMERCIAL,2,2250.0,2253.8,4.021480840020381,56.724090576171875,0.21549534797668457,0.7161685824394226,0.029851895118650114,WARNING,TEMPERATURE_CALIBRATION_PENDING;VIN_REFERENCE_DRIFT;VIN_SCOPE1_SCOPE2_MISMATCH
session_20260802_075729_COMMERCIAL_F2250_V3p9_R03_20260802_080138_422948,F2250_V3p9_RL49p6025_SINE,COMMERCIAL,3,2250.0,2254.3,4.015210008522,55.595767974853516,0.2199236899614334,0.7056178450584412,0.03080952275602217,WARNING,TEMPERATURE_CALIBRATION_PENDING;VIN_REFERENCE_DRIFT;VIN_SCOPE1_SCOPE2_MISMATCH
session_20260802_075729_COMMERCIAL_F2250_V3p9_R04_20260802_080142_229355,F2250_V3p9_RL49p6025_SINE,COMMERCIAL,4,2250.0,2253.8,4.0220761404465115,55.100406646728516,0.21540211141109467,0.7116702198982239,0.030112962774717807,WARNING,TEMPERATURE_CALIBRATION_PENDING;VIN_REFERENCE_DRIFT;VIN_SCOPE1_SCOPE2_MISMATCH
session_20260802_075729_COMMERCIAL_F2250_V3p9_R05_20260802_080146_051361,F2250_V3p9_RL49p6025_SINE,COMMERCIAL,5,2250.0,2256.3,4.01693238293504,56.03608703613281,0.2289668619632721,0.7056996822357178,0.03152001951731109,WARNING,TEMPERATURE_CALIBRATION_PENDING;VIN_REFERENCE_DRIFT;VIN_SCOPE1_SCOPE2_MISMATCH
session_20260802_070352_FE_F2250_V3p9_R01_20260802_070758_468092,F2250_V3p9_RL49p6025_SINE,FE,1,2250.0,2255.8,3.969666025343387,76.4146728515625,0.08166587352752686,0.6411685347557068,0.03136250754631135,WARNING,TEMPERATURE_CALIBRATION_PENDING;VIN_REFERENCE_DRIFT;VIN_SCOPE1_SCOPE2_MISMATCH
session_20260802_070352_FE_F2250_V3p9_R02_20260802_070802_258899,F2250_V3p9_RL49p6025_SINE,FE,2,2250.0,2253.3,3.9666754201272916,77.56592559814453,0.07607216387987137,0.6295136213302612,0.028235507006909247,WARNING,TEMPERATURE_CALIBRATION_PENDING;VIN_SCOPE1_SCOPE2_MISMATCH
session_20260802_070352_FE_F2250_V3p9_R03_20260802_070806_080906,F2250_V3p9_RL49p6025_SINE,FE,3,2250.0,2249.2,3.965012102998688,77.5108871459961,0.07551279664039612,0.6299021244049072,0.02683401371285755,WARNING,TEMPERATURE_CALIBRATION_PENDING;VIN_SCOPE1_SCOPE2_MISMATCH
session_20260802_070352_FE_F2250_V3p9_R04_20260802_070809_902913,F2250_V3p9_RL49p6025_SINE,FE,4,2250.0,2256.3,3.9714735215626322,76.8320541381836,0.07858933508396149,0.6257104873657227,0.026071897638331402,WARNING,TEMPERATURE_CALIBRATION_PENDING;VIN_REFERENCE_DRIFT;VIN_SCOPE1_SCOPE2_MISMATCH
session_20260802_070352_FE_F2250_V3p9_R05_20260802_070813_709319,F2250_V3p9_RL49p6025_SINE,FE,5,2250.0,2255.3,3.966778353115949,77.00634765625,0.07737736403942108,0.6460758447647095,0.027821208527165586,WARNING,TEMPERATURE_CALIBRATION_PENDING;VIN_SCOPE1_SCOPE2_MISMATCH
session_20260802_075729_COMMERCIAL_F2500_V3p9_R01_20260802_080104_102888,F2500_V3p9_RL49p6025_SINE,COMMERCIAL,1,2500.0,2498.8,4.05999025506261,58.2835578918457,0.218711718916893,0.6700398921966553,0.031534372995213014,WARNING,TEMPERATURE_CALIBRATION_PENDING;VIN_REFERENCE_DRIFT;VIN_SCOPE1_SCOPE2_MISMATCH
session_20260802_075729_COMMERCIAL_F2500_V3p9_R02_20260802_080107_893694,F2500_V3p9_RL49p6025_SINE,COMMERCIAL,2,2500.0,2505.6,4.059842716922423,58.898170471191406,0.20314256846904755,0.6916320323944092,0.029619990702735775,WARNING,TEMPERATURE_CALIBRATION_PENDING;VIN_REFERENCE_DRIFT;VIN_SCOPE1_SCOPE2_MISMATCH
session_20260802_075729_COMMERCIAL_F2500_V3p9_R03_20260802_080111_700101,F2500_V3p9_RL49p6025_SINE,COMMERCIAL,3,2500.0,2506.3,4.050793960343685,58.50371551513672,0.21237218379974365,0.6734340786933899,0.031938548928252986,WARNING,TEMPERATURE_CALIBRATION_PENDING;VIN_REFERENCE_DRIFT;VIN_SCOPE1_SCOPE2_MISMATCH
session_20260802_075729_COMMERCIAL_F2500_V3p9_R04_20260802_080115_537708,F2500_V3p9_RL49p6025_SINE,COMMERCIAL,4,2500.0,2505.0,4.060084513603247,57.870758056640625,0.20589280128479004,0.6805905699729919,0.03276023576778448,WARNING,TEMPERATURE_CALIBRATION_PENDING;VIN_REFERENCE_DRIFT;VIN_SCOPE1_SCOPE2_MISMATCH
session_20260802_075729_COMMERCIAL_F2500_V3p9_R05_20260802_080119_344115,F2500_V3p9_RL49p6025_SINE,COMMERCIAL,5,2500.0,2503.8,4.060824023733442,58.274383544921875,0.21987707912921906,0.6577306985855103,0.031996651367383756,WARNING,TEMPERATURE_CALIBRATION_PENDING;VIN_REFERENCE_DRIFT;VIN_SCOPE1_SCOPE2_MISMATCH
session_20260802_070352_FE_F2500_V3p9_R01_20260802_070731_729646,F2500_V3p9_RL49p6025_SINE,FE,1,2500.0,2503.8,4.006812524656577,78.0383529663086,0.07215657085180283,0.6177361011505127,0.029053821224971004,WARNING,TEMPERATURE_CALIBRATION_PENDING;VIN_REFERENCE_DRIFT;VIN_SCOPE1_SCOPE2_MISMATCH
session_20260802_070352_FE_F2500_V3p9_R02_20260802_070735_567252,F2500_V3p9_RL49p6025_SINE,FE,2,2500.0,2505.0,4.007583368613947,78.18512725830078,0.07327531278133392,0.6017336845397949,0.029756213285178558,WARNING,TEMPERATURE_CALIBRATION_PENDING;VIN_REFERENCE_DRIFT;VIN_SCOPE1_SCOPE2_MISMATCH
session_20260802_070352_FE_F2500_V3p9_R03_20260802_070739_373659,F2500_V3p9_RL49p6025_SINE,FE,3,2500.0,2503.8,4.007290809817682,77.59344482421875,0.07719090580940247,0.6076607704162598,0.029810855849689663,WARNING,TEMPERATURE_CALIBRATION_PENDING;VIN_REFERENCE_DRIFT;VIN_SCOPE1_SCOPE2_MISMATCH
session_20260802_070352_FE_F2500_V3p9_R04_20260802_070743_180066,F2500_V3p9_RL49p6025_SINE,FE,4,2500.0,2502.5,4.008199829642992,76.71739196777344,0.0786825641989708,0.6109169721603394,0.029134114527979503,WARNING,TEMPERATURE_CALIBRATION_PENDING;VIN_REFERENCE_DRIFT;VIN_SCOPE1_SCOPE2_MISMATCH
session_20260802_070352_FE_F2500_V3p9_R05_20260802_070747_017672,F2500_V3p9_RL49p6025_SINE,FE,5,2500.0,2505.0,4.006598389089424,77.27696228027344,0.07793673872947693,0.6143009662628174,0.0291609230241774,WARNING,TEMPERATURE_CALIBRATION_PENDING;VIN_REFERENCE_DRIFT;VIN_SCOPE1_SCOPE2_MISMATCH
session_20260802_075729_COMMERCIAL_F2750_V3p9_R01_20260802_080037_395641,F2750_V3p9_RL49p6025_SINE,COMMERCIAL,1,2750.0,2753.0,4.086768844543503,59.32014465332031,0.20752429962158203,0.6411275863647461,0.03343349399351848,WARNING,TEMPERATURE_CALIBRATION_PENDING;VIN_REFERENCE_DRIFT;VIN_SCOPE1_SCOPE2_MISMATCH
session_20260802_075729_COMMERCIAL_F2750_V3p9_R02_20260802_080041_202048,F2750_V3p9_RL49p6025_SINE,COMMERCIAL,2,2750.0,2749.0,4.080110226369074,60.76036071777344,0.20682509243488312,0.6318241953849792,0.030362126637980304,WARNING,TEMPERATURE_CALIBRATION_PENDING;VIN_REFERENCE_DRIFT;VIN_SCOPE1_SCOPE2_MISMATCH
session_20260802_075729_COMMERCIAL_F2750_V3p9_R03_20260802_080045_024054,F2750_V3p9_RL49p6025_SINE,COMMERCIAL,3,2750.0,2751.0,4.083243974506128,59.888893127441406,0.20223358273506165,0.617572546005249,0.031021201662920397,WARNING,TEMPERATURE_CALIBRATION_PENDING;VIN_REFERENCE_DRIFT;VIN_SCOPE1_SCOPE2_MISMATCH
session_20260802_075729_COMMERCIAL_F2750_V3p9_R04_20260802_080048_814861,F2750_V3p9_RL49p6025_SINE,COMMERCIAL,4,2750.0,2753.0,4.068257421183399,59.99897384643555,0.21185943484306335,0.639123797416687,0.030265015353872004,WARNING,TEMPERATURE_CALIBRATION_PENDING;VIN_REFERENCE_DRIFT;VIN_SCOPE1_SCOPE2_MISMATCH
session_20260802_075729_COMMERCIAL_F2750_V3p9_R05_20260802_080052_636868,F2750_V3p9_RL49p6025_SINE,COMMERCIAL,5,2750.0,2753.0,4.06906155372531,58.21017074584961,0.2141435295343399,0.6214063763618469,0.03103535812640263,WARNING,TEMPERATURE_CALIBRATION_PENDING;VIN_REFERENCE_DRIFT;VIN_SCOPE1_SCOPE2_MISMATCH
session_20260802_070352_FE_F2750_V3p9_R01_20260802_070705_022399,F2750_V3p9_RL49p6025_SINE,FE,1,2750.0,2756.0,4.030494486669353,73.79109191894531,0.09784100949764252,0.5922181010246277,0.026169125141976477,WARNING,TEMPERATURE_CALIBRATION_PENDING;VIN_REFERENCE_DRIFT;VIN_SCOPE1_SCOPE2_MISMATCH
session_20260802_070352_FE_F2750_V3p9_R02_20260802_070708_844405,F2750_V3p9_RL49p6025_SINE,FE,2,2750.0,2756.0,4.033796798223027,73.79109191894531,0.10124385356903076,0.5838245153427124,0.027008855270355656,WARNING,TEMPERATURE_CALIBRATION_PENDING;VIN_REFERENCE_DRIFT;VIN_SCOPE1_SCOPE2_MISMATCH
session_20260802_070352_FE_F2750_V3p9_R03_20260802_070712_666412,F2750_V3p9_RL49p6025_SINE,FE,3,2750.0,2754.0,4.029898138766043,75.15792083740234,0.08725958317518234,0.5723025798797607,0.02959281221791175,WARNING,TEMPERATURE_CALIBRATION_PENDING;VIN_REFERENCE_DRIFT;VIN_SCOPE1_SCOPE2_MISMATCH
session_20260802_070352_FE_F2750_V3p9_R04_20260802_070716_472819,F2750_V3p9_RL49p6025_SINE,FE,4,2750.0,2754.0,4.035826756861484,75.01114654541016,0.08795879781246185,0.573447585105896,0.028470951716699135,WARNING,TEMPERATURE_CALIBRATION_PENDING;VIN_REFERENCE_DRIFT;VIN_SCOPE1_SCOPE2_MISMATCH
session_20260802_070352_FE_F2750_V3p9_R05_20260802_070720_310425,F2750_V3p9_RL49p6025_SINE,FE,5,2750.0,2756.0,4.030728956034086,73.11685180664062,0.10124385356903076,0.5732226967811584,0.02521147892000669,WARNING,TEMPERATURE_CALIBRATION_PENDING;VIN_REFERENCE_DRIFT;VIN_SCOPE1_SCOPE2_MISMATCH
session_20260802_075729_COMMERCIAL_F3000_V3p9_R01_20260802_080010_657194,F3000_V3p9_RL49p6025_SINE,COMMERCIAL,1,3000.0,3017.0,4.032972404945473,62.35652160644531,0.17115354537963867,0.71878582239151,0.02902710105563274,WARNING,TEMPERATURE_CALIBRATION_PENDING;VIN_REFERENCE_DRIFT;VIN_SCOPE1_SCOPE2_MISMATCH
session_20260802_075729_COMMERCIAL_F3000_V3p9_R02_20260802_080014_494801,F3000_V3p9_RL49p6025_SINE,COMMERCIAL,2,3000.0,3015.0,4.0355704411832125,63.48942947387695,0.17034944891929626,0.7178861498832703,0.028734599351567105,WARNING,TEMPERATURE_CALIBRATION_PENDING;VIN_REFERENCE_DRIFT;VIN_SCOPE1_SCOPE2_MISMATCH
session_20260802_075729_COMMERCIAL_F3000_V3p9_R03_20260802_080018_301207,F3000_V3p9_RL49p6025_SINE,COMMERCIAL,3,3000.0,3015.0,4.028011281040683,63.67289733886719,0.16170251369476318,0.718376874923706,0.028920432496529692,WARNING,TEMPERATURE_CALIBRATION_PENDING;VIN_REFERENCE_DRIFT;VIN_SCOPE1_SCOPE2_MISMATCH
session_20260802_075729_COMMERCIAL_F3000_V3p9_R04_20260802_080022_107614,F3000_V3p9_RL49p6025_SINE,COMMERCIAL,4,3000.0,3012.0,4.033449472896298,63.19588088989258,0.16428960859775543,0.7242656350135803,0.02900040131873084,WARNING,TEMPERATURE_CALIBRATION_PENDING;VIN_REFERENCE_DRIFT;VIN_SCOPE1_SCOPE2_MISMATCH
session_20260802_075729_COMMERCIAL_F3000_V3p9_R05_20260802_080025_914021,F3000_V3p9_RL49p6025_SINE,COMMERCIAL,5,3000.0,3017.0,4.033633706056159,64.13156127929688,0.1599748730659485,0.6999744772911072,0.030515278826835333,WARNING,TEMPERATURE_CALIBRATION_PENDING;VIN_REFERENCE_DRIFT;VIN_SCOPE1_SCOPE2_MISMATCH
session_20260802_070352_FE_F3000_V3p9_R01_20260802_070638_393152,F3000_V3p9_RL49p6025_SINE,FE,1,3000.0,3008.0,4.007588381711778,79.6207504272461,0.07518649846315384,0.6568310260772705,0.028734599351567105,WARNING,TEMPERATURE_CALIBRATION_PENDING;VIN_REFERENCE_DRIFT;VIN_SCOPE1_SCOPE2_MISMATCH
session_20260802_070352_FE_F3000_V3p9_R02_20260802_070642_152758,F3000_V3p9_RL49p6025_SINE,FE,2,3000.0,3011.0,4.007502277935645,79.89595031738281,0.07611878216266632,0.651064932346344,0.026908820092100775,WARNING,TEMPERATURE_CALIBRATION_PENDING;VIN_REFERENCE_DRIFT;VIN_SCOPE1_SCOPE2_MISMATCH
session_20260802_070352_FE_F3000_V3p9_R03_20260802_070645_959165,F3000_V3p9_RL49p6025_SINE,FE,3,3000.0,3013.0,4.013890684067732,79.98768615722656,0.0747203528881073,0.6460758447647095,0.026983816120412417,WARNING,TEMPERATURE_CALIBRATION_PENDING;VIN_REFERENCE_DRIFT;VIN_SCOPE1_SCOPE2_MISMATCH
session_20260802_070352_FE_F3000_V3p9_R04_20260802_070649_765572,F3000_V3p9_RL49p6025_SINE,FE,4,3000.0,3012.0,4.007237111742628,80.7215576171875,0.07033861428499222,0.6671363711357117,0.025662321960995514,WARNING,TEMPERATURE_CALIBRATION_PENDING;VIN_REFERENCE_DRIFT;VIN_SCOPE1_SCOPE2_MISMATCH
session_20260802_070352_FE_F3000_V3p9_R05_20260802_070653_603179,F3000_V3p9_RL49p6025_SINE,FE,5,3000.0,3008.0,4.013790949067404,79.28134155273438,0.07747059315443039,0.6533958911895752,0.028920432496529692,WARNING,TEMPERATURE_CALIBRATION_PENDING;VIN_REFERENCE_DRIFT;VIN_SCOPE1_SCOPE2_MISMATCH
session_20260802_075729_COMMERCIAL_F3250_V3p9_R01_20260802_075944_776748,F3250_V3p9_RL49p6025_SINE,COMMERCIAL,1,3250.0,3267.0,4.03271902480388,61.99876022338867,0.16963858902454376,0.65065598487854,0.025662321960995514,WARNING,TEMPERATURE_CALIBRATION_PENDING;VIN_REFERENCE_DRIFT;VIN_SCOPE1_SCOPE2_MISMATCH
session_20260802_075729_COMMERCIAL_F3250_V3p9_R02_20260802_075948_785955,F3250_V3p9_RL49p6025_SINE,COMMERCIAL,2,3250.0,3264.0,4.032302086977244,62.40697479248047,0.17212079465389252,0.6442969441413879,0.027109223989084042,WARNING,TEMPERATURE_CALIBRATION_PENDING;VIN_REFERENCE_DRIFT;VIN_SCOPE1_SCOPE2_MISMATCH
session_20260802_075729_COMMERCIAL_F3250_V3p9_R03_20260802_075952_670362,F3250_V3p9_RL49p6025_SINE,COMMERCIAL,3,3250.0,3266.0,4.030729799259248,63.26468276977539,0.1648373156785965,0.6447672247886658,0.02638908471765379,WARNING,TEMPERATURE_CALIBRATION_PENDING;VIN_REFERENCE_DRIFT;VIN_SCOPE1_SCOPE2_MISMATCH
session_20260802_075729_COMMERCIAL_F3250_V3p9_R04_20260802_075956_476769,F3250_V3p9_RL49p6025_SINE,COMMERCIAL,4,3250.0,3264.0,4.033684148612212,62.925270080566406,0.186641126871109,0.6305155754089355,0.028261581324565195,WARNING,TEMPERATURE_CALIBRATION_PENDING;VIN_REFERENCE_DRIFT;VIN_SCOPE1_SCOPE2_MISMATCH
session_20260802_075729_COMMERCIAL_F3250_V3p9_R05_20260802_080000_439176,F3250_V3p9_RL49p6025_SINE,COMMERCIAL,5,3250.0,3268.0,4.028136842036569,63.42980194091797,0.1556437611579895,0.6508604288101196,0.026983816120412417,WARNING,TEMPERATURE_CALIBRATION_PENDING;VIN_REFERENCE_DRIFT;VIN_SCOPE1_SCOPE2_MISMATCH
session_20260802_070352_FE_F3250_V3p9_R01_20260802_070613_027507,F3250_V3p9_RL49p6025_SINE,FE,1,3250.0,3254.0,4.009050200345272,75.49275207519531,0.0884249359369278,0.5766782760620117,0.032127709735638055,WARNING,TEMPERATURE_CALIBRATION_PENDING;VIN_REFERENCE_DRIFT;VIN_SCOPE1_SCOPE2_MISMATCH
session_20260802_070352_FE_F3250_V3p9_R02_20260802_070616_833914,F3250_V3p9_RL49p6025_SINE,FE,2,3250.0,3253.0,4.003187408093167,75.54779052734375,0.08996320515871048,0.5974423289299011,0.030292734545586508,WARNING,TEMPERATURE_CALIBRATION_PENDING;VIN_REFERENCE_DRIFT;VIN_SCOPE1_SCOPE2_MISMATCH
session_20260802_070352_FE_F3250_V3p9_R03_20260802_070620_655921,F3250_V3p9_RL49p6025_SINE,FE,3,3250.0,3254.0,4.005599088791426,73.85072326660156,0.1074901595711708,0.5673748254776001,0.03651899029137405,WARNING,TEMPERATURE_CALIBRATION_PENDING;VIN_REFERENCE_DRIFT;VIN_SCOPE1_SCOPE2_MISMATCH
session_20260802_070352_FE_F3250_V3p9_R04_20260802_070624_462327,F3250_V3p9_RL49p6025_SINE,FE,4,3250.0,3253.0,4.004590798192806,76.95130920410156,0.08231847733259201,0.5780891180038452,0.0297835234105138,WARNING,TEMPERATURE_CALIBRATION_PENDING;VIN_REFERENCE_DRIFT;VIN_SCOPE1_SCOPE2_MISMATCH
session_20260802_070352_FE_F3250_V3p9_R05_20260802_070628_284334,F3250_V3p9_RL49p6025_SINE,FE,5,3250.0,3252.0,4.003922155558889,75.90554809570312,0.08651375770568848,0.5772916674613953,0.03373645656780537,WARNING,TEMPERATURE_CALIBRATION_PENDING;VIN_REFERENCE_DRIFT;VIN_SCOPE1_SCOPE2_MISMATCH
session_20260802_075729_COMMERCIAL_F3500_V3p9_R01_20260802_075919_145903,F3500_V3p9_RL49p6025_SINE,COMMERCIAL,1,3500.0,3515.0,4.07921787564828,64.32649993896484,0.16266976296901703,0.658221423625946,0.02537673437900786,WARNING,TEMPERATURE_CALIBRATION_PENDING;VIN_REFERENCE_DRIFT;VIN_SCOPE1_SCOPE2_MISMATCH
session_20260802_075729_COMMERCIAL_F3500_V3p9_R02_20260802_075922_874310,F3500_V3p9_RL49p6025_SINE,COMMERCIAL,2,3500.0,3512.0,4.090747592509911,64.4067611694336,0.17651419341564178,0.6385104060173035,0.028787586650560373,WARNING,TEMPERATURE_CALIBRATION_PENDING;VIN_REFERENCE_DRIFT;VIN_SCOPE1_SCOPE2_MISMATCH
session_20260802_075729_COMMERCIAL_F3500_V3p9_R03_20260802_075926_696317,F3500_V3p9_RL49p6025_SINE,COMMERCIAL,3,3500.0,3516.0,4.057228111397499,66.05108642578125,0.15535087883472443,0.6644782423973083,0.025447858779772424,WARNING,TEMPERATURE_CALIBRATION_PENDING;VIN_REFERENCE_DRIFT;VIN_SCOPE1_SCOPE2_MISMATCH
session_20260802_075729_COMMERCIAL_F3500_V3p9_R04_20260802_075930_518323,F3500_V3p9_RL49p6025_SINE,COMMERCIAL,4,3500.0,3516.0,4.058460338607792,65.2575912475586,0.16335731744766235,0.6473435163497925,0.026883862725995,WARNING,TEMPERATURE_CALIBRATION_PENDING;VIN_REFERENCE_DRIFT;VIN_SCOPE1_SCOPE2_MISMATCH
session_20260802_075729_COMMERCIAL_F3500_V3p9_R05_20260802_075934_340330,F3500_V3p9_RL49p6025_SINE,COMMERCIAL,5,3500.0,3514.0,4.062774087325686,64.81497955322266,0.16764582693576813,0.647875189781189,0.02604764315154917,WARNING,TEMPERATURE_CALIBRATION_PENDING;VIN_REFERENCE_DRIFT;VIN_SCOPE1_SCOPE2_MISMATCH
session_20260802_070352_FE_F3500_V3p9_R01_20260802_070546_304660,F3500_V3p9_RL49p6025_SINE,FE,1,3500.0,3512.0,4.035803258192858,76.18533325195312,0.09112856537103653,0.6186153292655945,0.029538519997033972,WARNING,TEMPERATURE_CALIBRATION_PENDING;VIN_REFERENCE_DRIFT;VIN_SCOPE1_SCOPE2_MISMATCH
session_20260802_070352_FE_F3500_V3p9_R02_20260802_070550_142267,F3500_V3p9_RL49p6025_SINE,FE,2,3500.0,3515.0,4.039817635262064,78.37317657470703,0.07966146618127823,0.5809108018875122,0.03172147606408287,WARNING,TEMPERATURE_CALIBRATION_PENDING;VIN_REFERENCE_DRIFT;VIN_SCOPE1_SCOPE2_MISMATCH
session_20260802_070352_FE_F3500_V3p9_R03_20260802_070553_948674,F3500_V3p9_RL49p6025_SINE,FE,3,3500.0,3515.0,4.038468461913216,74.90106964111328,0.09784100949764252,0.646321177482605,0.03044558008999416,WARNING,TEMPERATURE_CALIBRATION_PENDING;VIN_REFERENCE_DRIFT;VIN_SCOPE1_SCOPE2_MISMATCH
session_20260802_070352_FE_F3500_V3p9_R04_20260802_070557_770680,F3500_V3p9_RL49p6025_SINE,FE,4,3500.0,3519.0,4.042716859939334,75.65328216552734,0.09448479115962982,0.6163150072097778,0.028840661427978746,WARNING,TEMPERATURE_CALIBRATION_PENDING;VIN_REFERENCE_DRIFT;VIN_SCOPE1_SCOPE2_MISMATCH
session_20260802_070352_FE_F3500_V3p9_R05_20260802_070601_592687,F3500_V3p9_RL49p6025_SINE,FE,5,3500.0,3515.0,4.039358268957223,77.35493469238281,0.08502209931612015,0.6092556715011597,0.030112962774717807,WARNING,TEMPERATURE_CALIBRATION_PENDING;VIN_REFERENCE_DRIFT;VIN_SCOPE1_SCOPE2_MISMATCH
session_20260802_075729_COMMERCIAL_F3750_V3p9_R01_20260802_075853_546258,F3750_V3p9_RL49p6025_SINE,COMMERCIAL,1,3750.0,3761.0,4.070672236163741,68.82817077636719,0.14549241960048676,0.7134695649147034,0.02900040131873084,WARNING,TEMPERATURE_CALIBRATION_PENDING;VIN_REFERENCE_DRIFT;VIN_SCOPE1_SCOPE2_MISMATCH
session_20260802_075729_COMMERCIAL_F3750_V3p9_R02_20260802_075857_383865,F3750_V3p9_RL49p6025_SINE,COMMERCIAL,2,3750.0,3759.0,4.071142396264303,69.4879379272461,0.12408483028411865,0.7007105350494385,0.029989050940062486,WARNING,TEMPERATURE_CALIBRATION_PENDING;VIN_REFERENCE_DRIFT;VIN_SCOPE1_SCOPE2_MISMATCH
session_20260802_075729_COMMERCIAL_F3750_V3p9_R03_20260802_075901_190272,F3750_V3p9_RL49p6025_SINE,COMMERCIAL,3,3750.0,3769.0,4.069327817877716,69.89872741699219,0.12807033956050873,0.7037367224693298,0.03016817699090683,WARNING,TEMPERATURE_CALIBRATION_PENDING;VIN_REFERENCE_DRIFT;VIN_SCOPE1_SCOPE2_MISMATCH
session_20260802_075729_COMMERCIAL_F3750_V3p9_R04_20260802_075905_012279,F3750_V3p9_RL49p6025_SINE,COMMERCIAL,4,3750.0,3765.0,4.070543591656747,67.73668670654297,0.15311384201049805,0.698911190032959,0.03347879073253982,WARNING,TEMPERATURE_CALIBRATION_PENDING;VIN_REFERENCE_DRIFT;VIN_SCOPE1_SCOPE2_MISMATCH
session_20260802_075729_COMMERCIAL_F3750_V3p9_R05_20260802_075908_818685,F3750_V3p9_RL49p6025_SINE,COMMERCIAL,5,3750.0,3762.0,4.076489663403823,67.29407501220703,0.1530555784702301,0.7027552723884583,0.034241395825612565,WARNING,TEMPERATURE_CALIBRATION_PENDING;VIN_REFERENCE_DRIFT;VIN_SCOPE1_SCOPE2_MISMATCH
session_20260802_070352_FE_F3750_V3p9_R01_20260802_070520_829816,F3750_V3p9_RL49p6025_SINE,FE,1,3750.0,3761.0,4.057486860492237,79.9693374633789,0.07402113825082779,0.6424975991249084,0.03560293170503692,WARNING,TEMPERATURE_CALIBRATION_PENDING;VIN_REFERENCE_DRIFT;VIN_SCOPE1_SCOPE2_MISMATCH
session_20260802_070352_FE_F3750_V3p9_R02_20260802_070524_636222,F3750_V3p9_RL49p6025_SINE,FE,2,3750.0,3755.0,4.05685314441868,83.10662078857422,0.06861388683319092,0.6446853876113892,0.02987928220100861,WARNING,TEMPERATURE_CALIBRATION_PENDING;VIN_REFERENCE_DRIFT;VIN_SCOPE1_SCOPE2_MISMATCH
session_20260802_070352_FE_F3750_V3p9_R03_20260802_070528_442629,F3750_V3p9_RL49p6025_SINE,FE,3,3750.0,3755.0,4.057722987355491,81.93243408203125,0.07416098564863205,0.6381423473358154,0.029906691384954293,WARNING,TEMPERATURE_CALIBRATION_PENDING;VIN_REFERENCE_DRIFT;VIN_SCOPE1_SCOPE2_MISMATCH
session_20260802_070352_FE_F3750_V3p9_R04_20260802_070532_264636,F3750_V3p9_RL49p6025_SINE,FE,4,3750.0,3755.0,4.055891141900839,81.98747253417969,0.0758390948176384,0.6596935987472534,0.030223482272907377,WARNING,TEMPERATURE_CALIBRATION_PENDING;VIN_REFERENCE_DRIFT;VIN_SCOPE1_SCOPE2_MISMATCH
session_20260802_070352_FE_F3750_V3p9_R05_20260802_070536_086642,F3750_V3p9_RL49p6025_SINE,FE,5,3750.0,3750.0,4.0523952455063075,81.02427673339844,0.07849610596895218,0.6506150960922241,0.031996651367383756,WARNING,TEMPERATURE_CALIBRATION_PENDING;VIN_REFERENCE_DRIFT;VIN_SCOPE1_SCOPE2_MISMATCH
session_20260802_075729_COMMERCIAL_F4000_V3p9_R01_20260802_075828_087014,F4000_V3p9_RL49p6025_SINE,COMMERCIAL,1,4000.0,4019.0,4.04228931424806,64.2691650390625,0.15436296164989471,0.6665229797363281,0.024907175540182253,WARNING,TEMPERATURE_CALIBRATION_PENDING;VIN_REFERENCE_DRIFT;VIN_SCOPE1_SCOPE2_MISMATCH
session_20260802_075729_COMMERCIAL_F4000_V3p9_R02_20260802_075831_893420,F4000_V3p9_RL49p6025_SINE,COMMERCIAL,2,4000.0,4016.0,4.043717144309709,64.26457977294922,0.15943297743797302,0.6271008849143982,0.03405705465632759,WARNING,TEMPERATURE_CALIBRATION_PENDING;VIN_REFERENCE_DRIFT;VIN_SCOPE1_SCOPE2_MISMATCH
session_20260802_075729_COMMERCIAL_F4000_V3p9_R03_20260802_075835_699827,F4000_V3p9_RL49p6025_SINE,COMMERCIAL,3,4000.0,4018.0,4.051241899227104,66.55561828613281,0.1447465866804123,0.6383059024810791,0.02542413027272429,WARNING,TEMPERATURE_CALIBRATION_PENDING;VIN_REFERENCE_DRIFT;VIN_SCOPE1_SCOPE2_MISMATCH
session_20260802_075729_COMMERCIAL_F4000_V3p9_R04_20260802_075839_506234,F4000_V3p9_RL49p6025_SINE,COMMERCIAL,4,4000.0,4016.0,4.05233129616944,64.62004089355469,0.17705024778842926,0.5933835506439209,0.03252364714057409,WARNING,TEMPERATURE_CALIBRATION_PENDING;VIN_REFERENCE_DRIFT;VIN_SCOPE1_SCOPE2_MISMATCH
session_20260802_075729_COMMERCIAL_F4000_V3p9_R05_20260802_075843_328241,F4000_V3p9_RL49p6025_SINE,COMMERCIAL,5,4000.0,4010.0,4.0516332858982125,64.29668426513672,0.14881367981433868,0.6713075637817383,0.02852350902740872,WARNING,TEMPERATURE_CALIBRATION_PENDING;VIN_REFERENCE_DRIFT;VIN_SCOPE1_SCOPE2_MISMATCH
session_20260802_070352_FE_F4000_V3p9_R01_20260802_070452_172565,F4000_V3p9_RL49p6025_SINE,FE,1,4000.0,4023.0,4.035532375791281,73.94245147705078,0.099985271692276,0.5701351761817932,0.03066909930501953,WARNING,TEMPERATURE_CALIBRATION_PENDING;VIN_REFERENCE_DRIFT;VIN_SCOPE1_SCOPE2_MISMATCH
session_20260802_070352_FE_F4000_V3p9_R02_20260802_070455_916572,F4000_V3p9_RL49p6025_SINE,FE,2,4000.0,4018.0,4.039366204590997,75.04325866699219,0.09574337303638458,0.5626310706138611,0.0323765189075706,WARNING,TEMPERATURE_CALIBRATION_PENDING;VIN_REFERENCE_DRIFT;VIN_SCOPE1_SCOPE2_MISMATCH
session_20260802_070352_FE_F4000_V3p9_R03_20260802_070459_754179,F4000_V3p9_RL49p6025_SINE,FE,3,4000.0,4013.0,4.041765546542136,75.76335906982422,0.09425172209739685,0.5469890236854553,0.03669797435692271,WARNING,TEMPERATURE_CALIBRATION_PENDING;VIN_REFERENCE_DRIFT;VIN_SCOPE1_SCOPE2_MISMATCH
session_20260802_070352_FE_F4000_V3p9_R04_20260802_070503_841386,F4000_V3p9_RL49p6025_SINE,FE,4,4000.0,4014.0,4.040910363839883,75.13957214355469,0.1004980206489563,0.5701965093612671,0.03590616420342027,WARNING,TEMPERATURE_CALIBRATION_PENDING;VIN_REFERENCE_DRIFT;VIN_SCOPE1_SCOPE2_MISMATCH
session_20260802_070352_FE_F4000_V3p9_R05_20260802_070508_022193,F4000_V3p9_RL49p6025_SINE,FE,5,4000.0,4021.0,4.035944164307433,75.12581634521484,0.09578998386859894,0.5657594799995422,0.02820945397700879,WARNING,TEMPERATURE_CALIBRATION_PENDING;VIN_REFERENCE_DRIFT;VIN_SCOPE1_SCOPE2_MISMATCH
session_20260802_075729_COMMERCIAL_F4250_V3p9_R01_20260802_075802_596569,F4250_V3p9_RL49p6025_SINE,COMMERCIAL,1,4250.0,4254.0,4.059113009985157,69.38043212890625,0.13494594395160675,0.689669132232666,0.036308382992759375,WARNING,TEMPERATURE_CALIBRATION_PENDING;VIN_REFERENCE_DRIFT;VIN_SCOPE1_SCOPE2_MISMATCH
session_20260802_075729_COMMERCIAL_F4250_V3p9_R02_20260802_075806_402976,F4250_V3p9_RL49p6025_SINE,COMMERCIAL,2,4250.0,4255.0,4.050851144088297,70.57239532470703,0.1242479756474495,0.6616156697273254,0.03265654657307007,WARNING,TEMPERATURE_CALIBRATION_PENDING;VIN_REFERENCE_DRIFT;VIN_SCOPE1_SCOPE2_MISMATCH
session_20260802_075729_COMMERCIAL_F4250_V3p9_R03_20260802_075810_193782,F4250_V3p9_RL49p6025_SINE,COMMERCIAL,3,4250.0,4259.0,4.0470405255696384,69.71927642822266,0.13453806936740875,0.7091347575187683,0.024953772156358082,WARNING,TEMPERATURE_CALIBRATION_PENDING;VIN_REFERENCE_DRIFT;VIN_SCOPE1_SCOPE2_MISMATCH
session_20260802_075729_COMMERCIAL_F4250_V3p9_R04_20260802_075814_000189,F4250_V3p9_RL49p6025_SINE,COMMERCIAL,4,4250.0,4259.0,4.045108159847814,68.36792755126953,0.14224107563495636,0.7069264650344849,0.025542973853168102,WARNING,TEMPERATURE_CALIBRATION_PENDING;VIN_REFERENCE_DRIFT;VIN_SCOPE1_SCOPE2_MISMATCH
session_20260802_075729_COMMERCIAL_F4250_V3p9_R05_20260802_075817_822196,F4250_V3p9_RL49p6025_SINE,COMMERCIAL,5,4250.0,4261.0,4.0327656123466875,69.06717681884766,0.13706688582897186,0.7075808048248291,0.02469847176627582,WARNING,TEMPERATURE_CALIBRATION_PENDING;VIN_REFERENCE_DRIFT;VIN_SCOPE1_SCOPE2_MISMATCH
session_20260802_070352_FE_F4250_V3p9_R01_20260802_070426_604120,F4250_V3p9_RL49p6025_SINE,FE,1,4250.0,4268.0,4.04183738179818,80.27206420898438,0.08147941529750824,0.6326420307159424,0.030389922341191127,WARNING,TEMPERATURE_CALIBRATION_PENDING;VIN_REFERENCE_DRIFT;VIN_SCOPE1_SCOPE2_MISMATCH
session_20260802_070352_FE_F4250_V3p9_R02_20260802_070430_410527,F4250_V3p9_RL49p6025_SINE,FE,2,4250.0,4263.0,4.044183603557491,80.48304748535156,0.07793673872947693,0.623604416847229,0.03592218253582539,WARNING,TEMPERATURE_CALIBRATION_PENDING;VIN_REFERENCE_DRIFT;VIN_SCOPE1_SCOPE2_MISMATCH
session_20260802_070352_FE_F4250_V3p9_R03_20260802_070434_232534,F4250_V3p9_RL49p6025_SINE,FE,3,4250.0,4264.0,4.04236066472244,80.98757934570312,0.08138618618249893,0.6265283823013306,0.032303169431604765,WARNING,TEMPERATURE_CALIBRATION_PENDING;VIN_REFERENCE_DRIFT;VIN_SCOPE1_SCOPE2_MISMATCH
session_20260802_070352_FE_F4250_V3p9_R04_20260802_070438_054540,F4250_V3p9_RL49p6025_SINE,FE,4,4250.0,4263.0,4.04274784617931,80.02438354492188,0.07686460763216019,0.6339506506919861,0.03461258811390522,WARNING,TEMPERATURE_CALIBRATION_PENDING;VIN_REFERENCE_DRIFT;VIN_SCOPE1_SCOPE2_MISMATCH
session_20260802_070352_FE_F4250_V3p9_R05_20260802_070441_845347,F4250_V3p9_RL49p6025_SINE,FE,5,4250.0,4268.0,4.039713470388273,80.31792449951172,0.08105988800525665,0.6297385692596436,0.03069714140861673,WARNING,TEMPERATURE_CALIBRATION_PENDING;VIN_REFERENCE_DRIFT;VIN_SCOPE1_SCOPE2_MISMATCH
session_20260802_075729_COMMERCIAL_F4500_V3p9_R01_20260802_075737_043724,F4500_V3p9_RL49p6025_SINE,COMMERCIAL,1,4500.0,4490.0,4.083015561565281,67.37434387207031,0.1429053246974945,0.6692628860473633,0.02624226018995902,WARNING,TEMPERATURE_CALIBRATION_PENDING;VIN_REFERENCE_DRIFT;VIN_SCOPE1_SCOPE2_MISMATCH
session_20260802_075729_COMMERCIAL_F4500_V3p9_R02_20260802_075740_865731,F4500_V3p9_RL49p6025_SINE,COMMERCIAL,2,4500.0,4488.0,4.080683712586378,69.21660614013672,0.13311633467674255,0.685334324836731,0.02521147892000669,WARNING,TEMPERATURE_CALIBRATION_PENDING;VIN_REFERENCE_DRIFT;VIN_SCOPE1_SCOPE2_MISMATCH
session_20260802_075729_COMMERCIAL_F4500_V3p9_R03_20260802_075744_687738,F4500_V3p9_RL49p6025_SINE,COMMERCIAL,3,4500.0,4488.0,4.080898057049832,68.62162780761719,0.135085791349411,0.6704487800598145,0.027235155835418447,WARNING,TEMPERATURE_CALIBRATION_PENDING;VIN_REFERENCE_DRIFT;VIN_SCOPE1_SCOPE2_MISMATCH
session_20260802_075729_COMMERCIAL_F4500_V3p9_R04_20260802_075748_494144,F4500_V3p9_RL49p6025_SINE,COMMERCIAL,4,4500.0,4492.0,4.08366312840695,68.19650268554688,0.14153020083904266,0.6760513186454773,0.02497710011311818,WARNING,TEMPERATURE_CALIBRATION_PENDING;VIN_REFERENCE_DRIFT;VIN_SCOPE1_SCOPE2_MISMATCH
session_20260802_075729_COMMERCIAL_F4500_V3p9_R05_20260802_075752_331751,F4500_V3p9_RL49p6025_SINE,COMMERCIAL,5,4500.0,4492.0,4.07708237813426,69.60116577148438,0.12548325955867767,0.6743337512016296,0.025758164757268963,WARNING,TEMPERATURE_CALIBRATION_PENDING;VIN_REFERENCE_DRIFT;VIN_SCOPE1_SCOPE2_MISMATCH
session_20260802_070352_FE_F4500_V3p9_R01_20260802_070401_098076,F4500_V3p9_RL49p6025_SINE,FE,1,4500.0,4505.0,4.070130658303159,80.32710266113281,0.08245831727981567,0.5962615013122559,0.03075328655353498,WARNING,TEMPERATURE_CALIBRATION_PENDING;VIN_REFERENCE_DRIFT;VIN_SCOPE1_SCOPE2_MISMATCH
session_20260802_070352_FE_F4500_V3p9_R02_20260802_070404_920082,F4500_V3p9_RL49p6025_SINE,FE,2,4500.0,4507.0,4.067099077818967,79.29051208496094,0.07546617835760117,0.6213245987892151,0.03571440374877205,WARNING,TEMPERATURE_CALIBRATION_PENDING;VIN_REFERENCE_DRIFT;VIN_SCOPE1_SCOPE2_MISMATCH
session_20260802_070352_FE_F4500_V3p9_R03_20260802_070408_726489,F4500_V3p9_RL49p6025_SINE,FE,3,4500.0,4507.0,4.067353586206761,80.35462188720703,0.07980130612850189,0.5826999545097351,0.03355440328353356,WARNING,TEMPERATURE_CALIBRATION_PENDING;VIN_REFERENCE_DRIFT;VIN_SCOPE1_SCOPE2_MISMATCH
session_20260802_070352_FE_F4500_V3p9_R04_20260802_070412_548496,F4500_V3p9_RL49p6025_SINE,FE,4,4500.0,4507.0,4.065369284159937,79.51984405517578,0.08511532843112946,0.593378484249115,0.03176478851997961,WARNING,TEMPERATURE_CALIBRATION_PENDING;VIN_REFERENCE_DRIFT;VIN_SCOPE1_SCOPE2_MISMATCH
session_20260802_070352_FE_F4500_V3p9_R05_20260802_070416_354902,F4500_V3p9_RL49p6025_SINE,FE,5,4500.0,4507.0,4.063238935774134,80.14363098144531,0.07966146618127823,0.6065898537635803,0.03325282157573239,WARNING,TEMPERATURE_CALIBRATION_PENDING;VIN_REFERENCE_DRIFT;VIN_SCOPE1_SCOPE2_MISMATCH
