epoch,global_step,training_loss,validation_loss,normalized_mae,rmse,r2,learning_rate,elapsed_seconds
1,584,0.21691429058778777,0.06148998536271592,0.11233230346106898,0.16673489654648457,0.9726961623792342,3e-05,239.28234066801087
2,1168,0.04153759038866791,0.030055476646002843,0.07086618538554164,0.09373000256819745,0.991371646263987,3e-05,477.12430829599907
3,1752,0.027384360483528613,0.031126302539383713,0.0730121853376696,0.09594721341522867,0.9909586055670335,3e-05,714.8832446330052
4,2336,0.023045086950918482,0.024642777195429965,0.059799754443638414,0.08184580087778073,0.9934209454232112,3e-05,952.2762435199984
5,2920,0.018851352161855423,0.015618444420397282,0.04157217711688399,0.05605941924267481,0.9969134886930167,3e-05,1190.3006937460013
6,3504,0.015127961853940091,0.01467309750565519,0.040269952354592464,0.05090929316372886,0.9974545485493901,3e-05,1428.8358724160062
7,4088,0.012350149263710752,0.013584482923711408,0.03692694821815017,0.05005621040501603,0.9975391416345191,3e-05,1666.2039410529978
8,4672,0.011688829877267094,0.009423118492920105,0.026880200490281038,0.03687343628702967,0.9986646414000839,3e-05,1904.7254289859993
9,5256,0.0103516109576385,0.0077643810184544896,0.022691327633764493,0.030935570763442295,0.999060088528655,3e-05,2142.886147919009
10,5840,0.009030490533180842,0.006929311365501521,0.020495040982892985,0.02794879212634789,0.9992328208862007,3e-05,2381.5364197580056
